抓取日期,榜單類型,排名,歌名,歌手,專輯,發行日期,語言,YouTube ID,點閱率
2026-08-21,影視金曲榜,1,不想失去你,毛不易,不想失去你（电影《不想失去你》主题曲）,2026-08-12,華語,hgY4ftt3gvk,"45,669"
2026-08-21,影視金曲榜,2,过海,王赫野/黄龄,过海,2026-07-16,華語,IgjnQV8WJH8,"7,973"
2026-08-21,影視金曲榜,3,全世界的雨,周深/Ella陈嘉桦,全世界的雨,2026-07-18,華語,JqR0_IFpdcg,"138,341"
2026-08-21,影視金曲榜,4,云中鸟,小阿七,花开锦绣 影视原声带,2026-08-20,華語,xBOmrRTzi9M,"12,327"
2026-08-21,影視金曲榜,5,摇曳！摇曳！,TF家族-张桂源/TF家族-张函瑞/TF家族-王橹杰/TF家族-左奇函/TF家族-陈奕恒/TF家族-杨博文/TF家族-陈思罕/TF家族-陈浚铭,我们的少年时代2 影视原声带,2026-08-16,華語,C5aQMjIwjAQ,"2,951"
2026-08-21,影視金曲榜,6,汹涌,吴莫愁,这一秒过火 影视原声带,2026-07-18,華語,uEdEBhcf4Gs,"42,062"
2026-08-21,影視金曲榜,7,唯一的例外,阿YueYue,唯一的例外（电影《不想失去你》片尾曲）,2026-08-13,華語,QISWmlKxJiE,"55,995"
2026-08-21,影視金曲榜,8,听无声处,周深,九门 影视原声带,2026-08-10,華語,4Csp1xRwxA8,"91,239"
2026-08-21,影視金曲榜,9,一直在身边,TF家族-张桂源/TF家族-张函瑞/TF家族-王橹杰/TF家族-左奇函/TF家族-陈奕恒/TF家族-杨博文/TF家族-陈思罕/TF家族-陈浚铭,我们的少年时代2 影视原声带,2026-08-16,華語,0RAqPS4JQyQ,"3,133"
2026-08-21,影視金曲榜,10,来我的岛,刘宇宁,来我的岛,2026-08-03,華語,udTSazfAfEo,"60,393"
2026-08-21,影視金曲榜,11,一诺,刘宇宁,花开锦绣 影视原声带,2026-08-20,華語,JGGL56GMMsM,"113,682"
2026-08-21,影視金曲榜,12,红尘慌慌,周深,百花杀 原声音乐专辑,2026-07-28,華語,h3596Dg4HT8,"276,574"
2026-08-21,影視金曲榜,13,浮生若梦,周深,云秀行 影视原声带,2026-06-23,華語,IJ8kHZZD8O0,"190,984"
2026-08-21,影視金曲榜,14,怜心,黄霄雲,雀骨 影视原声带,2026-07-15,華語,YlnxaMhFSR0,"116,447"
2026-08-21,影視金曲榜,15,少年有种,TF家族-张桂源/TF家族-张函瑞/TF家族-王橹杰/TF家族-左奇函/TF家族-陈奕恒/TF家族-杨博文/TF家族-陈思罕/TF家族-陈浚铭,我们的少年时代2 影视原声带,2026-08-16,華語,jWSWPa4G8ts,"7,615"
2026-08-21,影視金曲榜,16,炙光,张碧晨/侯明昊,雀骨 影视原声带,2026-07-15,華語,83RQld52drA,"216,349"
2026-08-21,影視金曲榜,17,去你的岛,金玟岐,去你的岛,2026-08-09,華語,6xgkCXq7os8,"1,353"
2026-08-21,影視金曲榜,18,别怕再见,房东的猫,我们的少年时代2 影视原声带,2026-08-16,華語,nGRG5TrwvII,"1,183"
2026-08-21,影視金曲榜,19,我在意的,单依纯,爱情有烟火 影视原声带,2026-07-03,華語,GKHSYBHak4U,"47,354"
2026-08-21,影視金曲榜,20,耀眼的我们,周深,天才，女友 影视原声带,2026-08-04,華語,prjFbOzBVWU,"38,704"
2026-08-21,影視金曲榜,21,"I Knew It, I Knew You",Taylor Swift,"I Knew It, I Knew You",2026-06-05,西洋,hDU4GB1PTxc,"23,191,750"
2026-08-21,影視金曲榜,22,缠,那英,这一秒过火 影视原声带,2026-07-18,華語,_AitteIOuMc,"100,319"
2026-08-21,影視金曲榜,23,When I’m Home,James Blake/Travis Scott/Ludwig Göransson,The Odyssey (Original Motion Picture Soundtrack),2026-07-17,西洋,zTdDQ7v_Lb8,"1,233,686"
2026-08-21,影視金曲榜,24,野草（致老狗）,曾舜晞,野草（致老狗）,2026-08-05,華語,Zc8PeZe5Ecc,"2,639"
2026-08-21,影視金曲榜,25,满纸,阿鲲,春山境 电视剧原声专辑,2026-06-14,華語,dqqehb_gEz0,"157,284"
2026-08-21,影視金曲榜,26,人间,刘宇宁,南部档案 影视原声带,2026-06-11,華語,awyc5u7s_hg,"135,213"
2026-08-21,影視金曲榜,27,千香,周深,千香 影视剧原声音乐专辑,2026-07-15,華語,o9ulZsWpFwE,"199,674"
2026-08-21,影視金曲榜,28,All For You,Eric周兴哲,All For You,2026-07-16,華語,osyH9yWWygA,"12,737,576"
2026-08-21,影視金曲榜,29,知我,刘雨昕,雀骨 影视原声带,2026-07-15,華語,awKxszb6PL4,"94,121"
2026-08-21,影視金曲榜,30,黑童话,黄龄,人鱼 影视原声专辑,2026-08-04,華語,a24jmkT9vnE,"9,090"
2026-08-21,影視金曲榜,31,Work,Ava Max/PAW Patrol,Work (from PAW Patrol: The Dino Movie),2026-07-31,西洋,cJRw7rYOOzA,"604,022"
2026-08-21,影視金曲榜,32,放晴,胡夏,人鱼 影视原声专辑,2026-08-04,華語,810vYNE8okU,509
2026-08-21,影視金曲榜,33,兵自风中来,欧豪,兵自风中来 影视原声大碟,2026-07-24,華語,8_mMG39oXs0,"9,046"
2026-08-21,影視金曲榜,34,Blind Spot,토모/원식 (WONSIK),검사실의 제안 OST Part.2,2026-06-26,韓語,ETiDRVhexco,"93,263"
2026-08-21,影視金曲榜,35,同归,曾舜晞,九门 影视原声带,2026-08-10,華語,aQeZ2kpI7J8,"9,615"
2026-08-21,影視金曲榜,36,无归,李佳薇,花开锦绣 影视原声带,2026-08-20,華語,CgJx9C-9xGs,"4,927"
2026-08-21,影視金曲榜,37,倒悬之河,徐均朔/阿YueYue,百花杀 原声音乐专辑,2026-07-28,華語,xNVtmoES0WQ,"57,733"
2026-08-21,影視金曲榜,38,赤子,周深,问心2 原声OST大碟,2026-06-20,華語,wOpAuisJFVg,"79,667"
2026-08-21,影視金曲榜,39,灰,丁薇,这一秒过火 影视原声带,2026-07-18,華語,d4BfVJg5xHs,"8,289"
2026-08-21,影視金曲榜,40,时差,Jeffrey董又霖,耀眼 影视原声带,2026-06-02,華語,SI2SPivo8bA,"97,991"
2026-08-21,影視金曲榜,41,一诺成川,侯明昊,雀骨 影视原声带,2026-07-15,華語,L_BElNLdnEE,"125,271"
2026-08-21,影視金曲榜,42,破阵子,李常超（Lao乾妈）,九门 影视原声带,2026-08-10,華語,iJBIcUo22q4,"6,580"
2026-08-21,影視金曲榜,43,Metal Flower,R.E.D,Metal Flower,2026-07-11,西洋,vFzq2TaeLkU,"16,008"
2026-08-21,影視金曲榜,44,因果,段奥娟,雀骨 影视原声带,2026-07-15,華語,rQYrp9dzCOA,"47,448"
2026-08-21,影視金曲榜,45,花影,希林娜依高,百花杀 原声音乐专辑,2026-07-28,華語,4bvtmJf3kgM,"43,307"
2026-08-21,影視金曲榜,46,落下的光,袁娅维TIA RAY,落下的光,2026-08-04,華語,tqgSk5PMXwA,"1,526"
2026-08-21,影視金曲榜,47,你听见了吗,康子奇,天才，女友 影视原声带,2026-08-04,華語,zjpiO8EhmB0,"8,677"
2026-08-21,影視金曲榜,48,成全,井胧,雀骨 影视原声带,2026-07-15,華語,h6rcI296mSI,"25,957"
2026-08-21,影視金曲榜,49,奉陪,陈伟霆,九门 影视原声带,2026-08-10,華語,ljJt5MUWYyo,"10,473"
2026-08-21,影視金曲榜,50,见幸福,郁可唯,见幸福,2026-06-11,華語,-Xps4sA6joA,"167,365"
2026-08-21,影視金曲榜,51,袖里长风,张远,百花杀 原声音乐专辑,2026-07-28,華語,Up45ZAjL8_A,"40,835"
2026-08-21,影視金曲榜,52,추억이란 이름 (Sailing Back To You),Jeebanoff,그대에게 드림 OST Part.2 (Dream to You OST Part.2),2026-07-14,韓語,XWm35wuGqvY,"46,897"
2026-08-21,影視金曲榜,53,Tiger in my love,奥利,Tiger in my love,2026-06-26,西洋,vhIfGl5Hr0U,"179,843"
2026-08-21,影視金曲榜,54,繁花流年,希林娜依高,九门 影视原声带,2026-08-10,華語,BLW69Na62E0,"5,563"
2026-08-21,影視金曲榜,55,山河荒,阿云嘎,九门 影视原声带,2026-08-10,華語,QR3gtJhpgp0,"7,780"
2026-08-21,影視金曲榜,56,END+ing,MINNIE,오싹한 연애 OST Part 6,2026-08-09,韓語,Z411zFDb2Dk,"154,431"
2026-08-21,影視金曲榜,57,黄沙骨,费宇涛,花开锦绣 影视原声带,2026-08-20,華語,u8iPXKbwOsc,"2,809"
2026-08-21,影視金曲榜,58,心世界,周深,心世界,2026-06-06,華語,EW-UO70eVL8,"247,177"
2026-08-21,影視金曲榜,59,照心,段奥娟,南部档案 影视原声带,2026-06-11,華語,-bzOKKOzEFs,"26,752"
2026-08-21,影視金曲榜,60,Brand New,Mrs. GREEN APPLE,Brand New,2026-07-13,日語,dePs7UPp6GQ,"17,966,488"
2026-08-21,影視金曲榜,61,人间聚散,房东的猫,问心2 原声OST大碟,2026-06-20,華語,GEEXrDHsveU,"43,645"
2026-08-21,影視金曲榜,62,游游,房东的猫,天才，女友 影视原声带,2026-08-04,華語,viama9Sdh78,"17,973"
2026-08-21,影視金曲榜,63,未烬之火,沙宝亮,这一秒过火 影视原声带,2026-07-18,華語,-A41w3MHS-4,"34,108"
2026-08-21,影視金曲榜,64,最圆满,刘 洋,最圆满（电影《不想失去你》插曲）,2026-08-13,華語,SQKa3457cc8,203
2026-08-21,影視金曲榜,65,漫过无尽岁月,张新成,南部档案 影视原声带,2026-06-11,華語,mSyU8k_hRDY,"54,876"
2026-08-21,影視金曲榜,66,蚱蜢跃入星空,王源,蚱蜢跃入星空,2026-06-19,華語,41MkOkGmSQY,"1,883"
2026-08-21,影視金曲榜,67,孤光,张新成,南部档案 影视原声带,2026-06-11,華語,aN4OnHZchmQ,"67,754"
2026-08-21,影視金曲榜,68,吻合,袁娅维TIA RAY/张远,吻合,2026-06-16,華語,6ZI8JD54-dY,"103,628"
2026-08-21,影視金曲榜,69,Stay With Me,DK,오싹한 연애 OST Part 2,2026-07-26,韓語,5cglnHp1mmo,"1,679,770"
2026-08-21,影視金曲榜,70,モンストロ,Ado,モンストロ,2026-08-07,日語,4IKHox-DKrM,"3,759,773"
2026-08-21,影視金曲榜,71,上岸,任然,千香 影视剧原声音乐专辑,2026-07-15,華語,uon3hUO0eI8,"12,770"
2026-08-21,影視金曲榜,72,人生自定义,那英,小芳 电视剧影视原声带,2026-07-13,華語,IeZjH-TRqbY,"4,830"
2026-08-21,影視金曲榜,73,何故,刘宇宁,云秀行 影视原声带,2026-06-23,華語,n5yL35f1IKI,"78,757"
2026-08-21,影視金曲榜,74,想你了,刘瑞琦,想你了 电影原声专辑,2026-07-24,華語,XFGYYNz7gbw,"1,012"
2026-08-21,影視金曲榜,75,执棋,张靓颖,翘楚 电视剧影视原声带,2026-06-08,華語,yj98tMDi6Xw,"289,802"
2026-08-21,影視金曲榜,76,耀眼,刘宇宁,耀眼 影视原声带,2026-06-02,華語,pmiR74HbSjI,"237,060"
2026-08-21,影視金曲榜,77,奢求,淑元/奥利,奢求,2026-07-31,華語,tMk9RRRbKP4,"12,661"
2026-08-21,影視金曲榜,78,一路荣光,黄霄雲,云秀行 影视原声带,2026-06-23,華語,Oa7bcygFWUY,"71,952"
2026-08-21,影視金曲榜,79,贴心,梁咏琪,这一秒过火 影视原声带,2026-07-18,華語,dSX7D6XBGKY,"17,149"
2026-08-21,影視金曲榜,80,All I Can Say Is,LOUIS of LNGSHOT,오싹한 연애 OST Part 5,2026-08-08,西洋,FgUtOcBJoVI,"381,337"
2026-08-21,影視金曲榜,81,寸断,张远,千香 影视剧原声音乐专辑,2026-07-15,華語,NGsMs7MGjUs,"21,048"
2026-08-21,影視金曲榜,82,Marionette,제나 (ZENA),검사실의 제안 OST Part.1,2026-06-19,韓語,MBVvRUJGyxU,"68,568"
2026-08-21,影視金曲榜,83,夜鷹 - Yodaka,米津玄師,夜鷹 - Yodaka,2026-07-13,日語,83dumZPbq-o,"9,743"
2026-08-21,影視金曲榜,84,年少,康子奇,南部档案 影视原声带,2026-06-11,華語,zvhe1uzuqeU,"20,344"
2026-08-21,影視金曲榜,85,渡,周深,渡,2026-06-09,華語,T_6vMCU50t0,"2,303,000"
2026-08-21,影視金曲榜,86,方寸之间,白鹿/丞磊,方寸之间,2026-06-03,華語,mykryGzMQ70,"164,894"
2026-08-21,影視金曲榜,87,风与花,何与,百花杀 原声音乐专辑,2026-07-28,華語,_Sjd3NVh1og,"17,872"
2026-08-21,影視金曲榜,88,一程人间,翟子路/马思超,一程人间,2026-07-05,華語,bCpdn-tqdjk,"6,975"
2026-08-21,影視金曲榜,89,一百颗星星,关晓彤/李昀锐,耀眼 影视原声带,2026-06-02,華語,GbHiF2op4rQ,"182,808"
2026-08-21,影視金曲榜,90,偷黄昏的人,莫非定律乐团,天才，女友 影视原声带,2026-08-04,華語,ORY0PmRHxD4,"4,385"
2026-08-21,影視金曲榜,91,孤剑吟,周深,雨霖铃 电视剧原声带,2026-05-22,華語,jQkuH-5Au28,"141,339"
2026-08-21,影視金曲榜,92,再珍重,黄景瑜,重器 电视原声带,2026-08-11,華語,JKMwGrEBxjo,857
2026-08-21,影視金曲榜,93,吹向花开,希林娜依高,灿如繁星 影视原声带,2026-07-06,華語,gcSdKIvM0bA,"10,743"
2026-08-21,影視金曲榜,94,Paper Flower,李遐怡,유부녀 킬러 OST Part 1,2026-08-01,韓語,tGyEwvglfxk,"80,909"
2026-08-21,影視金曲榜,95,入阵,戴荃,入阵,2026-08-18,華語,mwixk9rbhbY,938
2026-08-21,影視金曲榜,96,틀린그림찾기,Wonstein,최애의 사원 OST Part 1,2026-08-04,韓語,8i4-lw32qcw,"2,204,339"
2026-08-21,影視金曲榜,97,破晓以后,胡彦斌,破晓以后,2026-07-27,華語,U_2HmXsOqgs,"14,231"
2026-08-21,影視金曲榜,98,你只是你,谭维维,你只是你,2026-06-29,華語,wiA0u-YQG7Q,604
2026-08-21,影視金曲榜,99,如果宇宙有答案,黄子弘凡,如果宇宙有答案,2026-07-25,華語,4kXZl6yf4-I,727
2026-08-21,影視金曲榜,100,Beyond the Dream,DINO,"그대에게 드림 OST Part.1 (Dream to You, Pt. 1 (Original Soundtrack))",2026-07-13,韓語,xGVynrYFsHE,"145,883"
