video_id,yt_title,baseline_views,baseline_date
MmUGUAQ9S1I,任夏 - 我不該動情『我發了瘋的愛你 又拼了命的忘記，早知會痛 我就不該動情，我奉上全部真心 沒有回頭的餘地，卻換來你不要我的結局。』【動態歌詞MV】,151178,2026-08-11
p5yNs2EzG-U,Surprise (惊喜) (Live),21362,2026-08-11
_AitteIOuMc,【影視劇ost】那英 | 纏《這一秒過火》主題片尾曲 Overdo OST #張凌赫 #王楚然 #lyrics #這一秒過火,77657,2026-08-11
eIvW_YLOz5I,aespa 에스파 ‘Serenade (KARINA & WINTER)' Live Clipㅣ2026 aespa LIVE TOUR SYNK : aeXIS LINE DOME TOUR,360550,2026-08-11
Ys7-6_t7OEQ,Justin Bieber - Beauty And A Beat (Official Music Video) ft. Nicki Minaj,1341134625,2026-08-11
itjyryJ-8IU,情歌,26697019,2026-08-11
U3vtRkUX6OY,月像,1912,2026-08-11
H3UUiVIx6bI,【影視劇ost】張紫寧 | 夢圓《千香》網劇乘風曲 The Eternal Fragrance OST #宋威龍 #鞠婧祎 #lyrics,7611,2026-08-11
vFzq2TaeLkU,R.E.D《Metal Flower》  (《功夫女足(Kung Fu Soccer)》电影插曲),12576,2026-08-11
6kIK31bCeWQ,羊羊 - 可笑『可笑你忘了的 我全部都記得，你說過的承諾 一個個在嘲笑我。』【高音質|動態歌詞】♫,142530,2026-08-11
h7_NvOHhr5U,【影視劇ost】弦子 | 不倒翁《想你了》電影出逃曲 Miss You Already Chinese Remake OST #章若楠 #金靖 #lyrics #想你了,476,2026-08-11
N2d9vPacdmw,莫文蔚 Karen Mok【盛夏的果實】Official Music Video,5932486,2026-08-11
oec9R5ypf-o,楊丞琳 Rainie Yang - 雨愛,39735007,2026-08-11
jTPeg10b3KI,【纯享版】独特又迷人！张靓颖曾舜晞惊艳演绎《锁》！极具神秘色彩的旋律缓缓展开 情绪张力瞬间拉满！爱与执念交织缠绕 在歌声中被娓娓道来 扣人心弦的氛围感太绝了！#天赐的声音7 EP2 20260619,213396,2026-08-11
YT3HI5hyMi4,薛之謙 Joker Xue《其實》Official Music Video,7135479,2026-08-11
NZP153MUpHY,Red Velvet 레드벨벳 'Surfin' Boy' MV,3083107,2026-08-11
G97_rOdHcnY,林俊傑 JJ Lin【江南 River South】官方完整版 MV,43225827,2026-08-11
AoJOVhp5BVo,卢润泽 - Take my heart (拿走我的心) - Lư Nhuận Trạch (Lyrics 抖音版2026),24673,2026-08-11
ENbcHUwpI-Q,签名笔 (Live),53604,2026-08-11
12546cZrVXo,"Energy Low - VodKe,HSHK (Remix Tiktok 2026) ",883,2026-08-11
9nfOBajpwhc,PeterPen (彼得潘) (Live),40799,2026-08-11
uS96KF4V_VA,【纯享版】宋亚轩全新演唱粤语版《胆小鬼》！唱跳节奏欢快 舞台风格元气十足 打造出氛围感满满的多巴胺舞台 甜度持续在线~#国乐无双 EP2 20260530,172446,2026-08-11
W0aKiQYXnJg,真实 (Live),70516,2026-08-11
62mHdu9pqPM,红豆 (《偿还》粤语版),668,2026-08-11
MmMvMF3ZC4o,趙雷【我記得】HD 高清官方完整版 MV,5174277,2026-08-11
2VpfdNdA5P4,【Chi/Eng/Pinyin Lyrics】 白举纲 (Bai Jugang) - 光荣的勋章 (Medal of Honor) | 《灿如繁星 Road to Success》 OST,7631,2026-08-11
GKHSYBHak4U,我在意的(电视剧《爱情有烟火》主题曲),44727,2026-08-11
fzcVMV4ohjs,你看你看月亮的脸 (Live),21576,2026-08-11
SKmVRs59UDA,马桑树下 (Live),1027,2026-08-11
QKTo71Hgfpw,鄭潤澤 - 瞬『我想過忘記 是最後最壞的打算』【Lyrics Video】,9964778,2026-08-11
u44XUqWEWXk,我会好好的 (氛围版),28,2026-08-11
7OSCbE5cs3M,【纯享版】听懂的人都有一段难忘回忆！姚晓棠王栎鑫深情合唱《一个人想着一个人》伤感旋律搭配极具感染力的演唱 将思念与孤独缓缓铺开 #天赐的声音7 EP2 20260619,908059,2026-08-11
JqR0_IFpdcg,全世界的雨 (《八仙！》电影主题曲),120056,2026-08-11
XTksZlXSA98,落笔匆匆,1672,2026-08-11
zvhe1uzuqeU,年少（《南部档案》影视剧海鲜小队同游曲）,17996,2026-08-11
22PF83zIW0k,陳粒《 小半 》Lyric Video,12445424,2026-08-11
ja7oaoS--cs,【音你而来3·纯享】张新成&吉娜·爱丽丝《是你没选我啊》『是我沒等你嗎 是你沒選我啊 連靠近都怕打擾你的傻瓜 都變成了笑話』 #Live #张新成#吉娜爱丽丝#lyrics,17048,2026-08-11
mmyZsv_vRJw,泡泡 - 牛佳钰「是不是嘛 对不对嘛 告诉我吧 告诉我吧」【動態歌詞/Lyrics Video】,17980,2026-08-11
ZXLypXt8rwU,劉珂矣 - 半壺紗『風月花鳥一笑塵緣了 十里桃花待嫁的年華』【Official Music Video】,430444,2026-08-11
NneS8QcmgBg,You Are,814,2026-08-11
XkoaTzSNG3Y,Stay with Me,1080223,2026-08-11
4Csp1xRwxA8,听无声处 (《九门》电视剧片尾曲),64559,2026-08-11
7-gMQPuq690,练习（《灿如繁星》影视剧星动曲）,16232,2026-08-11
aQeZ2kpI7J8,【影視劇ost】曾舜晞 | 同歸《九門》電視劇插曲 The Mystic Nine OST #陳偉霆 #陳瑤 #lyrics #九門,4654,2026-08-11
4MqTbihf564,Stutter Love,2901,2026-08-11
h3596Dg4HT8,红尘慌慌（《百花杀》影视剧主题曲/片尾曲）,220950,2026-08-11
qu_FSptjRic,BEYOND【海闊天空】Music Video (粵) (HD),178388156,2026-08-11
vBTC8F3onuM,旧年（《家业》电视剧情感主题曲）,131711,2026-08-11
tYWufUugeUc,莫文蔚 Karen Mok【陰天 Overcast】Official Music Video,16643047,2026-08-11
kBQ3Vs05XOI,【影視劇ost】袁婭維TIA RAY | 等雨停下《迷墙》電視劇主題曲 Maze Wall OST #郭京飛 #任素汐 #lyrics,4412,2026-08-11
awKxszb6PL4,知我（《雀骨》影视剧心动曲）,79748,2026-08-11
sRKFWX1CAwE,【纯享版】#周柏豪 和#欢子 粤语全新演绎陈奕迅《爱情转移》！ 周柏豪一开口就是粤语情歌“天花板“！#天赐的声音7 EP4 20260703,145294,2026-08-11
owhc05vrXeU,尚能独舞,2108,2026-08-11
B2mcoN1lHPY,colt.45 (烈驹45号) (Live),82935,2026-08-11
jjZXc_LJ2YY,李佳薇 - 甲乙丙丁 (你我怎么两清)『你我 怎么两清 怎么忍心，怎么做回甲乙丙丁。』【动态歌词MV】,945287,2026-08-11
t5EsOq3E6bI,Blue Hour,66606,2026-08-11
Nd3MdEgENt4,好想好想,297,2026-08-11
jAI0LeyASwI,Sunburst,270943,2026-08-11
p-LnAnYPo4I,Think About It,3294,2026-08-11
UbhiNvrPNa8,王艳薇 - 离开我的依赖『我来不及道声不安，有点混乱有点缓慢。』【4k无损|动态歌词 Lyrics】,16592225,2026-08-11
h5eRbbOnPRc,孫燕姿 Sun Yan-Zi - 開始懂了 Realize (official 官方完整版MV),11042983,2026-08-11
-t1495nGo-Q,香烟与吻痕 (我在月光下许过情真),13231,2026-08-11
4jfnIoNvv1Y,自由的夏天 (《耀眼》电视剧片尾曲),13052,2026-08-11
HQLV_zq-MZk,多疑的恋人,1626,2026-08-11
RdKggjhWkjE,心碎双面胶,28872,2026-08-11
_p-Qh8TjqCI,Glue,386,2026-08-11
dqqehb_gEz0,满纸,129869,2026-08-11
Xdwzj-lVuDg,上场 (《功夫女足》角色推广曲),872,2026-08-11
udTSazfAfEo,来我的岛 (电影《去你的岛》主题曲),41862,2026-08-11
J5ozd4WVNpM,水木年华 - 见山 || Thấy Núi,360,2026-08-11
3bgjq4KHKug,【影視劇ost】鄧典 | 做自己的英雄《兵自風中來》影視劇插曲 Soldiers Come from the Wind OST #歐豪 #藍盈瑩 #lyrics #兵自風中來,689,2026-08-11
3XnCatRiT4o,刘一手 - 爱你太多 || Yêu Em Quá Nhiều - Lưu Nhất Thủ,465,2026-08-11
og-CV-fV9K0,到此为止,1083859,2026-08-11
W81ZwYqe6zs,Faouzia - UNETHICAL,1513314,2026-08-11
awyc5u7s_hg,人间（《南部档案》影视剧跨海翻山曲）,123025,2026-08-11
EQBkiZKP-DA,【音你而来3·纯享】姚晓棠&袁一琦《第一次爱的人》『失去愛我們就要就要    一點點慢慢的死掉』 #Live #姚晓棠#袁一琦#lyrics,39090,2026-08-11
hDU4GB1PTxc,"Taylor Swift - I Knew It, I Knew You (from Toy Story 5)",21519434,2026-08-11
l683jMFJ2Dc,温岚 - 《夏天的风》 [歌词],11771,2026-08-11
klCd4FKdTWc,Don't break my heart (heartbroken),1799120,2026-08-11
vq7PL13-Fns,【纯享版】#王菀之 《爱人错过》音综唱跳首秀！之之姐唱跳舞台重磅亮相 旋律轻快动人 舞步灵动自然 全开麦唱跳“杀疯了”！#国乐无双 EP9 20260725,52167,2026-08-11
WZNr8nPFJVw,Ariana Grande - bad thing (bunny hop) (official visualizer),1585176,2026-08-11
UBsqcePKPPc,你的眼神 (Type Beat版),64294,2026-08-11
d1rWv8VeQO0,TWS (투어스) 'SODA SODA' Official MV,8217099,2026-08-11
BgY8FqEM5mQ,尕连手 (Live),18894,2026-08-11
4ARN2y5bQs8,【HD】王俊凱《讓我留在你身邊》歌詞字幕 / 完整高清音質「我願意安靜的活在每個有你的角落...」Wang Jun Kai - Let Me Stay With You,225372,2026-08-11
mDVbPLkssXI,【纯享版】最特别的情歌 #岳云鹏 #管乐 #金志文 惊喜合唱《依兰爱情故事》！曲艺与民谣完美相融 温暖又俏皮！#天赐的声音7 EP3 20260626,81053,2026-08-11
MQDAM-luCK8,王俊凯 Karry — ｜醒着｜【天已破晓 而我却依然 醒著】,1797,2026-08-11
dujujkbPEPg,问流光（《良陈美锦》电视剧插曲）,109430,2026-08-11
8Klhr9-tZ2k,Marionette,56133,2026-08-11
47ZjO-K_3V4,【纯享版】原唱刘凤瑶携《窝囊废》炸翻天赐舞台！派克特Rap高能输出 李琦曾一鸣张玮全员爆发 现场燃到头皮发麻 #天赐的声音7 EP4 20260703,70360,2026-08-11
yCpXjLibQZw,Ariana Grande - freak (official visualizer),1435576,2026-08-11
UAqa0DG7csU,【纯享版】王铮亮天赐首次唱跳《半点心》！携手灼海豚掀起港风回忆杀 复古律动一开口梦回黄金年代 #天赐的声音7 EP8 20260731,6834,2026-08-11
AJSvQ8HOzGY,【纯享版】#王铮亮 #谭松韵 甜蜜献唱《小半》！温暖治愈的旋律一响起 心动值瞬间飙升！#天赐的声音7 EP2 20260619,963270,2026-08-11
PXnhdl_URro,光澤 - 空心『雖然知道愛都有翅膀 因為太愛所以會原諒，漆黑空心也想被釋放 奈何思念比恨更頑強。』【動態歌詞MV】,19345811,2026-08-11
jPUfB7SYYmM,纯享丨弦子化身“侠女”与王唯乐演唱《不甘》 声音清脆悦耳充满了惊喜  #天赐的声音3 EP3 20220401,2569514,2026-08-11
B9cIUhIKQQo,【影視劇ost】章若楠&金靖 | 我愛的女孩《想你了》電影主題曲 Miss You Already Chinese Remake OST #章若楠 #金靖 #lyrics,1971,2026-08-11
6vKU1g2Fgm0,【纯享版】是真“忐忑”啊！#莫文蔚 创意演绎《忐白门》！将《忐忑》《留白》《西门少年》三首作品惊喜融合 碰撞出耳目一新的音乐火花！#国乐无双 EP6 20260627,77472,2026-08-11
96-OGtth6NM,海來阿木 - 夢底｜繁體拼音歌詞 CC字幕｜親親Fun音樂,329859,2026-08-11
lwnHvx5HsYo,王唯旖 - 倘若你愛一人『倘若你愛一人 你是否會追問，這份愛是片刻 還是持續得更深沉。』【高音質HD|動態歌詞Lyrics】♫,15574,2026-08-11
QK6qHEKiE_0,七元 - 後來遇見他·2026『後來遇見他 陪我春秋冬夏，癒合我的傷疤 大概我會一直幸福吧。』【動態歌詞MV】,1242,2026-08-11
TjRROzDZesk,【纯享版】神仙友谊！这一次#杨丞琳 #周笔畅 把对彼此的“喜欢”唱进歌里！用歌声诉说彼此的陪伴与温暖  #天赐的声音7 EP3 20260626,119856,2026-08-11
7Sux0jSdSfs,【纯享版】穿越时空的深情！#郁可唯 携手 #穆祉丞 深情演绎《想见你想见你想见你》！听一遍就忍不住循环！#天赐的声音7 EP3 20260626,242552,2026-08-11
aPzrLgtmBk4,王俊凯-如期『有生之年 只求 能如期』 【动态歌词Lyrics】(4K video),4416,2026-08-11
DuHRjbj81cw,【歌詞】林俊傑 - Always Online,2781950,2026-08-11
H7SSEIodiE4,競速遊戲,20459,2026-08-11
Juof_QKfgn8,【纯享版】孙楠白小白深情献唱《人生路漫漫》！加木更将一段Rap融入其中 为这首关于人生与陪伴的歌曲注入全新表达 将遗憾与坚持唱得直击人心！#天赐的声音7 EP1 20260612,27491,2026-08-11
xBOmrRTzi9M,【影視劇ost】小阿七 | 雲中鳥《花開錦繡》影視劇插曲 Escape to Your Heart OST #丁禹兮 #鄧恩熙 #lyrics #花開錦繡,2127,2026-08-11
NBIu5QpD3X8,SWEET SOUR,66136,2026-08-11
R-FdIwzlC_s,游向陆地的鱼,24981,2026-08-11
Up45ZAjL8_A,袖里长风（《百花杀》影视剧插曲）,28033,2026-08-11
hR1nuWCc31s,看我72变 (Live),670,2026-08-11
q7yhCr8mZOE,黄龄 - 黑童话《人鱼》网络剧片尾曲『在枕边听 黑童话，痛一下 开千朵花。』【4K无损|动态歌词 Lyrics】,496,2026-08-11
uon3hUO0eI8,上岸（《千香》网剧扶摇曲）,11750,2026-08-11
p8jMPe_9Qek,鮮花 (现场),4488526,2026-08-11
ahgtHwNlUaI,梓渝ZiYu ｜贰拾肆 Twenty-four,3423,2026-08-11
inxzQt78lOk,aespa エスパ 'KISS N TELL' MV,7584873,2026-08-11
8tBSJt1GZKQ,破晓以后（《蜘蛛侠：崭新之日》电影中文推广曲）,15708,2026-08-11
RJHxDOD66mk,Ariana Grande - Kiss Me More (with Doja Cat & SZA),5533220,2026-08-11
p20EtodL7Ug,【纯享版】#陈小春 深情翻唱粤语版《开始懂了》！低沉港味嗓音赋予经典情歌全新生命力 把成长后的遗憾与释怀唱得催泪又戳心！#国乐无双 EP10 20260801,172872,2026-08-11
h6rcI296mSI,成全（《雀骨》影视剧回响曲）,17673,2026-08-11
G7uSHzyVAwg,林俊杰开口跪系列 翻唱孙燕姿金曲《我怀念的》 唱哭无数人！「我怀念的 是无话不说」《梦想的声音》EP2 | 纯享 ZJSTV,42100873,2026-08-11
esYjbyBm8zw,陳雪燃 - 無名之輩【電視劇《親愛的，熱愛的》主題曲】「也許很累一身狼狽 也許卑微一生無為」【動態歌詞】♪,23789238,2026-08-11
1w_LonNtCJ4,改变 (Live),4893,2026-08-11
NsT6MBvWHGk,Joysaaaa - 執迷不悟『我對你又何止是執迷不悟，眼淚偶爾會莫名的光顧。』【動態歌詞MV】,3122,2026-08-11
w5WSPMbEOgM,I Miss You Every Brand New Day - For Revenge | Lirik Lagu,40294,2026-08-11
CtnLzdsGINw,問愛,71084,2026-08-11
_uX6ndtAUjA,抖音《有何不可》許嵩【動態歌詞Lyrics】,2235540,2026-08-11
YPy4E04LErU,也许你就在对岸If You Are There,7186,2026-08-11
1gV5Ij8e4rg,張敬軒 Hins Cheung《靈魂相願》(Spectral Entanglement) [Official MV],451371,2026-08-11
4bvtmJf3kgM,花影（《百花杀》影视剧插曲）,32154,2026-08-11
4_ckG6FhY2o,半噸兄弟 - 煙火裡的塵埃『我的心裡住著一個 蒼老的小孩，如果世界聽不明白 對影子表白。』【動態歌詞MV】,4816,2026-08-11
-A41w3MHS-4,【影視劇ost】沙寶亮 | 未燼之火《這一秒過火》守望情深曲 Overdo OST #張凌赫 #王楚然 #lyrics,25118,2026-08-11
vYcl7cw8gWo,SWEETY 曾之喬 劉品言《櫻花草》（偶像劇【米可，GO！】主題曲、【星蘋果樂園】插曲）官方MV (Official Music Video),11987053,2026-08-11
0RsL8Ga73QQ,任然 - 無人之島『如果雲層是天空的一封信，能不能再聽一聽 聽你的聲音。』【動態歌詞Lyrics】,40885598,2026-08-11
P4kj0GSC600,【纯享版】李佳薇欢子深情演绎《一个傻子》！一句“就让我做个傻子好了”直戳泪点 粤语情歌氛围感直接封神 #天赐的声音7 EP6 20260717,80269,2026-08-11
yTPIpBl9c3w,休止符（Rest / Pause）,4214,2026-08-11
_JvVubQNzmY,劉宇寧《耀眼》（《耀眼》電視劇同名主題曲）官方MV｜騰訊音樂發行頻道,179758,2026-08-11
xBjh_vakuBI,你我他,69196,2026-08-11
yB0zE9TvyQ0,River (河流) (Live|伴奏),158,2026-08-11
IgjnQV8WJH8,【影視劇ost】王赫野&黃齡 | 過海《八仙！》電影插曲 Eight Immortals OST #王赫野#黃齡 #lyrics,5373,2026-08-11
iJBIcUo22q4,【影視劇ost】李常超（Lao乾媽） | 破陣子《九門》影視劇插曲 The Mystic Nine OST #陳偉霆 #曾舜晞 #lyrics #九門,3546,2026-08-11
6mNLABiWC9I,薛之謙《遲遲》 | 官方動態歌詞版MV [4K 60HZ超高清畫質]｜騰訊音樂雲頻道,193026,2026-08-11
n_KHQk1w7Gs,李荣浩Ronghao Li 《不遗憾》【“你的婚礼” 电影主题曲】动态歌词/Lyrics Video,19684542,2026-08-11
NZxc2mUOOqE,蕭亞軒-遺失的心跳『夜太深 心跳呢 已经 遗失了 不见了』【動態歌詞Lyrics】,2822285,2026-08-11
UsbRoaH6y-Q,KiiiKiii 키키 'Pop Off Pop Off' MV,2275453,2026-08-11
_Sjd3NVh1og,何與《風與花》（《百花殺》影視劇插曲）官方動態歌詞版MV｜騰訊音樂發行頻道,15322,2026-08-11
s1T0UAgb49Q,飞翔的一天 (A Day of Soaring) - 吴宣仪 (Betty Wu)《爱上另一个我 My Drama Missy》Chi/Eng/Pinyin lyrics,1027,2026-08-11
relM8XBrdpM,楊小壯 - 吹吹山頂的風「聽聞山頂來的風 能吹散過往的舊夢 我腳下的路大步走 管它南北西東」【動態歌詞】♪,1492,2026-08-11
qRgm1_5Wvl0,爱情没有神话 (《爱情没有神话》电视剧主题曲),75531,2026-08-11
1RQ4JkmpkaY,[Official MV] jeebanoff (지바노프) - 추억이란 이름 (Sailing Back To You) | 그대에게 드림 (Dream to You) OST Part.2,2829,2026-08-11
JiAzz4URDyI,嘿陈会计 (Live),10003,2026-08-11
xYMzKfyjcaM,"『最好聽的版本♪』《我不該動情》(男女合唱版) - 萬能和弦   (我發了瘋的愛你, 又拼了命的忘記, 早知會痛, 我就不該動情)",217326,2026-08-11
OSRMp3FWpgM,烏蘭圖雅 - 蘋果香『你讓浪跡天涯的孩子啊 夢中回家吧』【動態歌詞】,40101,2026-08-11
G0fkTpaWv28,夏天如约而来 (Summer Sparkle)（《全职高手》黄少天官方生贺主题曲）,7,2026-08-11
wlF0Rhj5ntY,中国人会飞 (The Chinese Can Fly),3725,2026-08-11
nu315A25yTA,《十萬片》郭郡BiSang_NX｜六年後重逢，還會再次選擇彼此嗎？【歌詞故事】,25,2026-08-11
gcSdKIvM0bA,吹向花开（《灿如繁星》影视剧片尾曲）,8494,2026-08-11
0swKZBxTNEQ,井迪 - 失控【動態歌詞】「我們啊 愛得沉重 一路懵懂 磕磕碰碰」♪,16885197,2026-08-11
eyVNYAf6vsw,Hula Hoop,790582,2026-08-11
IeZjH-TRqbY,人生自定义 (《小芳》电视剧主题曲),3808,2026-08-11
gnIO7ZBd_Uc,"汪苏泷到底有多会整活？和吉克隽逸共同改编《Letting Go》,开口就冲上热榜第一！",424,2026-08-11
GbHiF2op4rQ,關曉彤&李昀銳《一百顆星星》（《耀眼》電視劇片頭曲）官方MV｜騰訊音樂發行頻道,176387,2026-08-11
WruTIPGb84U,【纯享版】太好了是宋亚轩完整版《同花顺》！少年感嗓音碰撞轻盈又带点暧昧感的旋律 把爱情里心有灵犀的悸动与试探唱得格外上头 氛围感满分！#国乐无双 EP5 20260620​,134179,2026-08-11
dePs7UPp6GQ,Mrs. GREEN APPLE「Brand New」Official Music Video,12007518,2026-08-11
m7k9UMcHbr0,"KATSEYE (캣츠아이) ""Animal"" Official MV",44442885,2026-08-11
4kXZl6yf4-I,黃子弘凡《如果宇宙有答案》（電影《群星閃耀時》推廣曲）官方MV｜騰訊音樂發行頻道,667,2026-08-11
NGsMs7MGjUs,寸断（《千香》网剧不归曲）,16289,2026-08-11
9EMyQJ4GS_Q,【纯享版】#李宇春 爆改庾澄庆30年前摩登歌曲《让你妈妈NEW一下》！高能舞台搭配超洗脑旋律 松弛感与潮流感双双拉满！#国乐无双 EP9 20260725,5541,2026-08-11
BVpXUyXPKOg,梁靜茹 - 勇氣,15326916,2026-08-11
y_G6y13cwoc,Eric周興哲 - 殼 Shells | 「來！ 金來號！ “Fired Up!”」電視劇片尾曲,187,2026-08-11
1eJO6_UaSt4,Tiger In My Love,173997,2026-08-11
AH2ibOsKgzs,我們總是喜歡在夏天討論永遠,18134,2026-08-11
6Q0Pd53mojY,周杰倫 Jay Chou【夜曲 Nocturne】-Official Music Video,104276564,2026-08-11
qJN9yhCyjgE,디노 DINO - Beyond the Dream Official M/V,26427,2026-08-11
kffacxfA7G4,Justin Bieber - Baby ft. Ludacris,3719663683,2026-08-11
JM9rx_hN1Ko,陳奕迅 Eason Chan《十年(國) [OT : 明年今日]》[Official MV],10863168,2026-08-11
htqqnVgO0ig,若不是因为你,10449,2026-08-11
VZK8_w_PoBQ,Paper Flower (Inst.),2122,2026-08-11
CHnG06jNbf4,Nice to Meet Ya,300886,2026-08-11
324tP6l2r4U,【纯享版】#刘凤瑶 #张玮 #曾一鸣 #李琦 #派克特 #蒋一帆 高燃炸唱《哪凉快哪去》！摇滚说唱火力全开 舞台感染力直接拉满！#天赐的声音7 EP8 20260802,3882,2026-08-11
hgIDXTmmgDg,張紫豪 - 可不可以『不希望我的未來不是你，只願意和你永遠不分離。』【動態歌詞Lyrics】,149251471,2026-08-11
dSX7D6XBGKY,【影視劇ost】梁詠琪 | 貼心《這一秒過火》影視劇初見心動曲 Overdo OST #張凌赫 #王楚然 #lyrics #这一秒过火,14043,2026-08-11
CU60L5ck_Vo,周深 -《如約》｜CC歌詞字幕,210185,2026-08-11
HCv4EH5plpA,清风微微,27067,2026-08-11
3AmW5qaQuUw,【纯享版】#宋亚轩 全新演绎《二十二》！22岁的少年把青春 自由与热爱唱进每一句歌词 清澈嗓音治愈力满分！#国乐无双 EP10 20260801,18321,2026-08-11
aN4OnHZchmQ,孤光（《南部档案》影视剧梦境寻光片尾曲）,58856,2026-08-11
yyMuPEZ0-eQ,羊羊 - 第57次取消發送『我好想你 在每個夜裡，孤單自敘 紛飛的回憶。』【高音質HD|動態歌詞Lyrics】♫,3934,2026-08-11
rQYrp9dzCOA,因果（《雀骨》影视剧宿命曲）,35607,2026-08-11
OZwTCnA2fMs,JUST FOR THE NIGHT,245122,2026-08-11
iUkNpyTdRUM,"Y and I - 刘美麟 (Liu Meilin), 赵磊 (Zhao Lei)《爱情有烟火 Love Has Fireworks》Chi/Eng/Pinyin lyrics",27278,2026-08-11
0J6tGMnBLlM,Ariana Grande - stay (official visualizer),1747356,2026-08-11
XadF4AbmHeA,老街 歌词 - 李荣浩,9818730,2026-08-11
gnz7It0-F4g,发如雪 周杰伦 (歌词版),4371949,2026-08-11
pd3eV-SG23E,"Mayday五月天 [ 後來的我們 Here, After, Us ] Official Music Video",147432110,2026-08-11
5RlEWndW0bE,李榮浩 Ronghao Li《戀人 Lovers》Official Music Video,5188223,2026-08-11
pQlAWZLOpgo,林憶蓮 Sandy Lam - 至少還有你 At Least I've Got You (官方完整版MV),41842444,2026-08-11
sL360kbdyBQ,【影視劇ost】歐豪 | 兵自風中來《兵自風中來》影視劇主題曲 Soldiers Come from the Wind OST #歐豪 #藍盈瑩 #lyrics #兵自風中來,1705,2026-08-11
pu6iJKAh5gI,"偷黃昏的人(《天才，女友》影視劇流年曲) - 莫非定律樂團『TouHuangHunDeRen(《TianCai ,NvYou》LiuNianQu) - Mo fei ding lv yue tuan』",954,2026-08-11
zfKyiLmtZeA,【纯享版】周笔畅风格大变唱甜歌！携手田嘉瑞演绎《心引力》 甜蜜值直接爆表 全新舞台让人忍不住嘴角上扬 #天赐的声音7 EP7 20260724,24750,2026-08-11
sUjhPLauVE4,Orchestra,1159018,2026-08-11
AHJwzZUHwqc,付豪 － 他真的對你好嗎『我的願望是你開心我能陪在你左右』（動態歌詞/Lyrics Video/4k）,2872538,2026-08-11
vaC8STyhPc4,棱镜乐队《总有一天你会出现在我身边》2020巡演 福州站 Aug.1,147450,2026-08-11
XFGYYNz7gbw,想你了(《想你了》電影告別曲) - 劉瑞琦『Xiang ni le(《Xiang ni le 》Dian ying gao bie qu) - Liu rui qi』,968,2026-08-11
-4a45QUT-J0,最完美的存在,53627,2026-08-11
SI2SPivo8bA,时差 (《耀眼》电视剧插曲),91030,2026-08-11
C6YobfNjeqc,牽絲戲 by 銀臨 & Aki阿杰 QIAN SI XI,13383871,2026-08-11
EEHVG_c4kgo,【纯享版】黄子弘凡携Rapeter吴嘉轩全新演绎《言不由衷》！温柔唱腔碰撞高燃Rap 每一句都唱出藏在心里的言不由衷 #天赐的声音7 EP7 20260724,75820,2026-08-11
z_rQIAicJj4,【单依纯《好想谈恋爱》】国乐无双现场直拍,22302,2026-08-11
b9qqFutiJ48,烟波 (网剧《大唐迷雾》插曲),1529,2026-08-11
yWTHUB49X1A,言不由衷,1850914,2026-08-11
pjw0EksP5oc,Alan Walker/劉宇/川子嗩吶 - 金烏 Golden Bird『不用借誰的明亮，因為心底有光 把這天地丈量。』【動態歌詞MV】,2236,2026-08-11
tqgSk5PMXwA,【影視劇ost】袁婭維TIA RAY | 落下的光《人魚》影視劇主題曲 Intercross OST #lyrics #人魚,645,2026-08-11
sR8Kdk3SvR4,沉默是金 + 海海人生 (Live),3066,2026-08-11
1x0vBteO4jc,唯我論者的獨白,35711,2026-08-11
5aUtC0bRogU,【纯享版】#莫文蔚 携乐队演绎《想想忘忘》！民族韵律碰撞现代编曲 把东方美学唱成了顶级艺术Live！#国乐无双 EP8 20260718,8008,2026-08-11
v0e9D_fiiI0,Cold Blooded (Star Version),9257,2026-08-11
7zKLLjQWMdQ,泡沫 (Live),221875,2026-08-11
3iWQyS4vSFs,【纯享版】#黄子弘凡 #姚晓棠 二搭默契再升级！唱跳舞台《第三个吻痕》火花拉满 黄子弘凡神级转音搭配姚晓棠清透嗓音越听越上头 #天赐的声音7 EP4 20260703,216107,2026-08-11
XNQCyR8_2EQ,[MV]  Yoonmirae(윤미래) with Tiger JK(타이거JK) & Bizzy(비지) _ Angel,13968457,2026-08-11
dGc0XZCqEY0,了了 (Live),27110,2026-08-11
ZpmbCnbVaOY,【影視劇ost】岑寧兒 | 別忘了《想你了》電影盡興曲 Miss You Already Chinese Remake OST #章若楠 #金靖 #lyrics,2731,2026-08-11
dKoz3VCjXbg,顏人中 - 夏夜最後的煙火【動態歌詞】「感謝是你 從來堅定又溫和」♪,6687425,2026-08-11
CldOls9yrcg,【纯享版】杨丞琳王铮亮温柔合唱《爱河》！细腻声线交织出爱情里的拉扯与依恋 治愈旋律让人越听越沉浸！#天赐的声音7 EP1 20260612,64890,2026-08-11
t0igPuDjYUE,劉若英 René Liu【後來 Later】Official Music Video,107642475,2026-08-11
IvizXrkUcb8,Round We Go (慢慢向前),142170,2026-08-11
pZCxXaiW_lQ,王力宏 Leehom《Hope》官方 Official MV,189930,2026-08-11
88Kv8KyXH_Y,【纯享版】#周笔畅 #杨宗纬 全新演绎#莫文蔚 《阴天》！慵懒嗓和苦情嗓的高级声线碰撞 每一句都像在讲故事 #天赐的声音7 EP4 20260703,140243,2026-08-11
zvUsOXNPVxo,王力宏「你不知道的事」《戀愛通告》主題曲完整版MV 全球網路大首播,18819261,2026-08-11
pKEAqz-050I,[MV] RIIZE _ Behind The Shine(Perfect Crown(21세기 대군부인) OST Part.4),2844680,2026-08-11
JucVZ39qDjM,梦哑,77936,2026-08-11
4uuWIH6yTe8,哎呦喂 (好想给你个拥抱),1312,2026-08-11
1TJ4DXlfcTc,爱久见人心,4850,2026-08-11
DtXgoZG_Q8E,【纯享版】刘惜君温柔翻唱粤语版《我要找到你》！治愈感声线融入坚定又深情的旋律 将爱里的执着 想念与不顾一切的奔赴感唱得动人至极！ #国乐无双 EP5 20260620​,76178,2026-08-11
jdf3gxFP0F8,林俊傑 JJ Lin【美人魚 Mermaid】官方完整版 MV,10269602,2026-08-11
83RQld52drA,『MV』炙光(《雀骨》主題曲片尾曲) - 張碧晨 侯明昊『Zhi guang(《Que gu》 Zhu ti qu pian wei qu) - Diamond  Zhang/Neo Hou』,163604,2026-08-11
RME2eL4K6Gk,【黄霄雲】全新OST《一路荣光》影视剧《云秀行》片头曲,55915,2026-08-11
h9hdorPqukU,IF YOU,84665356,2026-08-11
dHH5jAkuNug,洋澜一 - 我不该动情『你说走就走 眼里没有一丝丝的不舍，我该怎么习惯没有你的生活。』『动态歌词MV』,10073,2026-08-11
YJfHuATJYsQ,周杰倫 Jay Chou【擱淺 Step Aside】-Official Music Video,82127951,2026-08-11
ewjy3qeQ0ZI,【纯享版】杨丞琳黄子弘凡温柔合唱《匿名的好友》！细腻声线层层交织 将友情与爱情之间欲言又止的微妙情愫唱得格外动人 那些藏在心底的遗憾与不舍 真的太好哭了！#天赐的声音7 EP2 20260619,315737,2026-08-11
ZwTX6ERygrg,《都有這一天》人到四十，夢想真的過期了嗎？｜老中青民謠／小巷先生｜音樂故事,97,2026-08-11
UC_rIRY1sB4,Spider-Man: Brand New Day Soundtrack | Kiss of the Spider-Man - Michael Giacchino | Original Score |,354,2026-08-11
XGKJxb2b3ZI,"benny blanco, Selena Gomez, Becky G - Te Olvido (La La) [Official Music Video]",6739231,2026-08-11
zlAjS20q9pE,【纯享版】黄霄雲刘端端把《空心》唱到破防！高音嘶吼搭配细腻情绪 Ending落泪看哭全场 #天赐的声音7 EP6 20260717,1002006,2026-08-11
USo-_-WCrCM,幽光 (电视剧《翘楚》片尾曲),178720,2026-08-11
dvphcY1G6Ng,万海东 - 山风山风等等我『山风山风等等我 带我去山那头 看看外面的世界山河多锦绣。』『动态歌词MV』#热门歌曲,6819,2026-08-11
gGLp7ht_2bk,王傑 Dave Wong《我是真的愛上你》[Lyrics MV],18673127,2026-08-11
AQZw3kbFLpg,【纯享版】#周柏豪 热血炸唱《将军令》！港式深情碰撞恢弘国风 霸气嗓音唱尽侠骨豪情！#国乐无双 EP8 20260718,69398,2026-08-11
IJ8kHZZD8O0,浮生若梦 (《云秀行》影视剧主题曲),181680,2026-08-11
2LQNtC35upY,"半吨兄弟 - 替我决定 | Tolong putuskan untukku, diabaikan dengan jawaban yang asal-asalan olehmu @TuneBoxId ",138,2026-08-11
-pKNQ86ezz0,Hey Hi,76590,2026-08-11
BHh_1r91ZPs,李姸勳 RIIANA《生來精彩》【功夫女足 Kung Fu Soccer OST 電影插曲】Official Lyric Video,1975,2026-08-11
66MKi36M7Uc,敬昨天敬今天敬明天 (Live),2986,2026-08-11
7MeGFo03ukA,星昼 (电视剧《良陈美锦》主题曲|片尾曲),110351,2026-08-11
fz198VmqUVw,左轉燈 (1000 Times+1) - Slowed+Reverb,1005757,2026-08-11
9MYWGLsQMuo,高冷 - 英雄出处『最难的时候我一个人熬，连最爱的人也没能抓牢。』【动态歌词MV】,588,2026-08-11
fxWswf-iNdQ,KiiiKiii - Candy Pink Magic Hole Flip Phone (나 어떡해) (Extended Visualizer),1002,2026-08-11
2JwlxsU1upU,不負 - 遲木︱滄元圖 The Demon Hunter (Azure Legacy/Cang Yuan Tu) 孟川官方生賀曲 Meng Chuan Birthday Song #沧元图,696,2026-08-11
RJaoLKOzn0o,【纯享版】杨丞琳挑战本季最难歌曲《第三人称》！携手王栎鑫全新演绎Hush经典歌曲 情绪层层递进唱尽成年人的孤独 #天赐的声音7 EP8 20260731,40321,2026-08-11
L6joGUdc6y4,周杰倫 Jay Chou【紅塵客棧 Hong-Chen Inn】Official MV,45052607,2026-08-11
bCpdn-tqdjk,翟子路、马思超 - 一程人间 (《京城奇探》剧集推广曲)『并肩一程人间毁誉不过聚散 哪怕只剩这一段 也要一起撕开那黑暗。』『动态歌词MV』,5992,2026-08-11
8C-5DYkWXkA,讨厌,1617,2026-08-11
WKw9rbKMjCc,白自在,32701,2026-08-11
KNudDMupDv4,bad boy (Jennie Version),229811,2026-08-11
1YCqSoZHBK8,汪蘇瀧/單依純 - 如果愛忘了『相愛過如果是愛的夠久 分開越疼吧，可時間是個玩笑吧。』【高音質|動態歌詞Lyrics】♫ · 翻唱歌曲 (原唱:戚薇) Live,15312685,2026-08-11
bEYpckbqqhs,西廂尋他,4117300,2026-08-11
lttm50z2-2s,後弦 - 下完這場雨『凈此生的別離！』【動態歌詞Lyrics】,3232089,2026-08-11
ATblV50Odx8,蔡健雅-紅色高跟鞋『你像窝在被子里的舒服』【動態歌詞Lyrics】,66526096,2026-08-11
116OjLa1DwY,蔡健雅 Tanya Chua - Letting Go 官方MV完整放映,19991414,2026-08-11
rM1dqXDfnQM,不同凡想 (Live),624,2026-08-11
j6uyEn8OgME,一直下雨的星期天,357,2026-08-11
PCbm4Vt6Dh4,【纯享版】黄霄雲张子墨高燃开炸《锈》！爆发力高音碰撞炸裂Rap 颠覆性改编燃翻全场 黄霄雲又解锁新风格 #天赐的声音7 EP8 20260731,161227,2026-08-11
7wqNuafSKog,说了再见,4282,2026-08-11
hVlmlDwhpWY,Ayo97 - 感謝你曾來過 ft.阿涵「高音質 x 動態歌詞 Lyrics」♪ SDPMusic ♪,107513449,2026-08-11
RWKRB97P8HI,徐良- 【那时雨】,124980,2026-08-11
4U4jJKH7VLc,Ariana Grande - like i do (official visualizer),2370131,2026-08-11
4DGi4BD5ccc,【纯享版】张信哲黄子弘凡全新演绎林倛玉《一点一滴》！两代温柔嗓音同频共鸣 细腻诠释直击人心 #天赐的声音7 EP8 20260731,37857,2026-08-11
A9EpZWrQ3dM,ICONIC HEART,446282,2026-08-11
Tja6P2OoPoY,Ariana Grande - big feelings (official visualizer),1696669,2026-08-11
qbeBf0SC-YY,【音你而来3·纯享】张碧晨&余佳运《半句再见》『為何不放 既是過往雲煙 想要遺忘 怎麽反復掛牽』 #Live #张碧晨#余佳运#lyrics,3516,2026-08-11
1I6clsrlIY8,傻子 (Live),2220,2026-08-11
tyeGEZrkiRk,手掌 (Live),15091,2026-08-11
DeJDWU6hYkU,張芸京 Jing Chang -《偏愛》Official Lyric Video,13588716,2026-08-11
bLvvnIB9MCY,【纯享版】灯光下劲曲开唱！曾舜晞姚晓棠氛围感合唱《街角的晚风》！慵懒声线碰撞温柔旋律 仿佛把傍晚街头的心动故事唱进耳边！#天赐的声音7 EP1 20260612,848879,2026-08-11
6s6G5KjsPUg,正在进行石女士 - 一个人而已 || Chỉ Là Một Mình Thôi,70,2026-08-11
tp4sHDEDqeg,姑娘在远方,72,2026-08-11
jQu4cJ00UEo,[ CLIP ] 田馥甄实力翻唱薛之谦《演员》 伤感声线将爱情的委屈和不安缓缓道来《梦想的声音》第8期 20161223 /浙江卫视官方HD/,23135953,2026-08-11
0LeOlx0u_vE,Talk like me (像我这样说) (Live),58967,2026-08-11
8MG--WuNW1Y,韋禮安 WeiBird《如果可以 Red Scarf》MV - 電影「月老」主題曲導演親剪音樂視角版,205818297,2026-08-11
B3Gdbmysg54,正在进行石女士 - 爱情两个字 || Hai Chữ Tình Yêu,71,2026-08-11
yfISHoHP-No,"游游(《天才，女友》影視劇片尾曲) - 房東的貓『You you(《Tian cai , nv you 》Ying shi ju pian wei qu) - Fang dong de mao』",4512,2026-08-11
LYANS5AwwnA,Appleby - Without You (One Take Visualizer),250189,2026-08-11
aPjXEc6ziHc,再敘(《兵自風中來》片尾曲) - 王晰『Zai xu(《Bing zi feng zhong lai 》 Pian wei qu) - Wang xi』,1108,2026-08-11
Zc8PeZe5Ecc,【影視劇ost】曾舜晞 | 野草（致老狗）《九門》影視劇吳老狗角色曲 The Mystic Nine OST #陳偉霆 #曾舜晞 #lyrics #九門,1104,2026-08-11
nSz9i_Xq26Y,【纯享版】听得无比安心！#陈楚生 #姚晓棠 暖心献唱《有我呢》！将陪伴 守护与坚定的情感缓缓唱进心里 温暖又催泪！#天赐的声音7 EP3 20260626,266056,2026-08-11
gHqR_d5m7Bk,But You Don't Know Me,3442,2026-08-11
FdEmP_sirdo,唤醒我 (Live),826,2026-08-11
K5t-1v-IZ9k,【音你而来3·纯享】Ghost(王琳凯)&姚晓棠《迷人的危险》『我的心已經等你好多年 愛不說滿到自己快淹滅』 #迷人的危险 #王琳凯 #小鬼 #姚晓棠 #lyrics,602513,2026-08-11
U7V2ZdNwId8,张杰 - 明天过后 (谢娜),1145891,2026-08-11
afSgBNwmZrQ,Ariana Grande - petal,20814283,2026-08-11
TxXIfcRt1WQ,徐佳瑩 LaLa【一樣的月光】[Official Music Video],4845952,2026-08-11
s_dLEabS-mw,失重色(Fade) [feat. SION of NCT],231610,2026-08-11
-bzOKKOzEFs,照心（《南部档案》影视剧张家谜局曲）,22553,2026-08-11
XsW6KbnYDYg,北京的雨（Rainy Beijing）,25773,2026-08-11
Un8kwjcpKZA,薛之謙 - 認真的雪『愛上你我失去了我自己。』【動態歌詞Lyrics】,17301740,2026-08-11
L6GOfO7jH0w,半吨兄弟 - 风与花的约定 || Hẹn Uớc Của Gió Và Hoa - Bán Đồn Huynh Đệ (Lyrics 抖音版2026),640,2026-08-11
9ei1PUmDz98,張震嶽 A-Yue【思念是一種病 Yearning like a sickness】Official Music Video,40474577,2026-08-11
ETiDRVhexco,Blind Spot,78232,2026-08-11
VaSjWclJKGE,惡作劇,22447872,2026-08-11
a9ot-Fa9KHk,李榮浩 Ronghao Li - 不將就 Stubborn Love (Official 高畫質 HD 官方完整版 MV),32644978,2026-08-11
yd5RoC5NYJs,巴拉萊卡 (The Rod),335549,2026-08-11
DRYPvbRFmXk,【纯享版】王铮亮黄龄携手原唱陈文非全新演绎《春》！重新填词Callback《时间都去哪儿了》 一开口就是岁月的温柔 #天赐的声音7 EP7 20260724,12244,2026-08-11
-Z6iTMIg_K4,"Be My Light(《天才，女友》影視劇尋光曲) - 段奧娟『Be My Light(《Tian cai , nv you》Xun guang qu) - Duan ao juan』",4340,2026-08-11
R46qc7jopF4,隊長YoungCaptain - 哪裡都是你【動態歌詞】「你想要的是現在 而不是那遙遠的未來」♪,70421641,2026-08-11
0d7ZWM21-jM,做人低调 做事高调 (Live),3114,2026-08-11
h7ITAdTxdxM,CORTIS (코르티스) ‘MOTION (feat. Juicy J)’ Official Visualizer,3024827,2026-08-11
6q5Syk54i9U,平凡之路,31350384,2026-08-11
EW-UO70eVL8,心世界（《莫离》影视剧主题曲）,233531,2026-08-11
IscPlLsh6iU,Khalil Fong (方大同) - Special Person (特別的人) Official Music Video,31377687,2026-08-11
CA10OyyU2nA,【纯享版】#萨顶顶 颠覆性演绎《暗涌》！空灵嗓音层层递进 把压抑 挣扎与释怀唱成一场情绪风暴 直接封神！#国乐无双 EP10 20260801,20266,2026-08-11
NhpHF1jlyk8,G.E.M. 鄧紫棋【唯一 Only One】 Lyrics Video（T.I.M.E. EP）,89253,2026-08-11
rV93AgJjh28,月满西楼约,42,2026-08-11
g44GG7hoMJc,許嵩【一見如故】HD 高清官方歌詞版 MV,4575,2026-08-11
T4eqDMRnWfc,天外来物-薛之谦〖你是不是我的，你像天外来物一样求之不得〗〖抖音超火🔥〗〖动态歌词〗,5310902,2026-08-11
YVjcmz9sBIs,Pretty Girl,12107363,2026-08-11
04EJCS9F8cA,討厭情歌 - 張藝興『Tao yan qing ge - LAY』,679,2026-08-11
t7Q-MkGfdHg,郭靜 Claire Kuo - 愛情訊息 (官方版MV),1565051,2026-08-11
5hpCLQhHOWI,别哭 我最爱的人 (氛围版),42,2026-08-11
oTG_6WKh_4c,汪蘇瀧 - 不分手的戀愛,7014162,2026-08-11
KymF_2hV21o,是我做了白日梦,1392,2026-08-11
0fcKEN4_QoM,最佳損友,7556615,2026-08-11
rwdPfrVgOoo,許嵩 Vae【幻聽 Acouasm 】官方完整版 MV,2320690,2026-08-11
82-jTNka3uc,Ariana Grande - hate that i made you love me (official music video),67787107,2026-08-11
KfJni491SPw,到时说爱我,379439,2026-08-11
rGJFOJvPoB0,野草（Weeds）,200969,2026-08-11
bBcp_ljCBGU,光良 Michael Wong【童話】Official Music Video,56943577,2026-08-11
86SQJQrBdGQ,第57次取消发送,203247,2026-08-11
n5yL35f1IKI,何故 (影视剧《云秀行》插曲),73302,2026-08-11
GEEXrDHsveU,人间聚散（电视剧《问心2》插曲）,42694,2026-08-11
2kc1FDmzLkI,🎵郭頂 - 我們倆🎵『你在左邊 我緊靠右』【動態歌詞Lyrics】,17799144,2026-08-11
S0x-B-MV27g,总有人间一两风,39,2026-08-11
QcfRwn8VLfQ,江語晨 - 最後一頁『想把你抱進身體裏面』【動態歌詞Lyrics】,3602229,2026-08-11
ExJ48uxLyu4,Lollipop (GISELLE & NINGNING),272470,2026-08-11
AoqEpnoNPHU,【纯享版】#宋亚轩 全新演绎《夜来香》！少年感嗓音碰撞复古经典 温柔又高级的氛围感直接封神！ #国乐无双 EP8 20260718,30856,2026-08-11
mykryGzMQ70,白鹿&丞磊《方寸之間》（影視劇《莫離》非璃墨屬情感曲）官方MV｜騰訊音樂發行頻道,160286,2026-08-11
6ca_YHZvzls,周傳雄 Steve Chou - 黃昏,75100638,2026-08-11
gw5ED3eAv5k,【纯享版】杨丞琳欧阳娜娜惊喜合作《讨厌》！好友默契拉满把暧昧心动唱成夏日小甜歌 全新改编越听越上头 #天赐的声音7 EP5 20260710,145002,2026-08-11
TvSLCxXyrBA,街道辦、歐陽耀瑩 - 春嬌與志明【抖音裡的粵語RAP】【動態歌詞Lyrics】,54242412,2026-08-11
9SOazsnVVCk,陳粒-虛擬『你是我未曾拥有无法捕捉的亲昵』【動態歌詞Lyrics】,2404610,2026-08-11
k_E6fF7zmU0,花姐 - 岁月如笔写春秋EDM『岁月如笔写春秋，一生知己最难求。』【动态歌词MV】,830,2026-08-11
3wjCZxNPtXE,[MV] Wooseok Byeon(변우석) _ Fate Line(평행선)(Perfect Crown(21세기 대군부인) OST Part.11),1130978,2026-08-11
-Xps4sA6joA,【影視劇ost】郁可唯 | 見幸福《莫離》影視劇葉璃人物曲 The First Jasmine OST #白鹿 #丞磊 #lyrics,154118,2026-08-11
N5COHYSS51o,【纯享版】喻言一开口就赢了！搭档杨宗纬欢子演唱《月光与吻痕》 慵懒嗓音碰撞深情男声 唱尽爱情里的心动与克制 #天赐的声音7 EP7 20260724,52421,2026-08-11
MhcdrUWiddE,TNT时代少年团 刘耀文《DON'T STOP》认人歌词版 CN/PIN/ENG,262,2026-08-11
DYptgVvkVLQ,周杰倫 Jay Chou【晴天 Sunny Day】-Official Music Video,95420840,2026-08-11
2rIOe7-e5kQ,周深《千香》（《千香》網劇主題曲）官方MV｜騰訊音樂發行頻道,124964,2026-08-11
xKfBknbOsz0,徐良&小凌-坏女孩,4414590,2026-08-11
Tc23na0-Wlw,【纯享版】杨宗纬姚晓棠二搭彻底放飞！从《我会好好的》到DJ神曲《别错过》反差拉满 全场一起燥起来 #天赐的声音7 EP6 20260717,158143,2026-08-11
AVj8pjxbCxg,【纯享版】杨丞琳周笔畅演绎苏运莹宝藏歌曲《想你和我们的以后》！细腻声线唱出成年人爱情里的体面与释怀 #天赐的声音7 EP6 20260717,16981,2026-08-11
dLG4as6BNYo,李荣浩《模特》— 我是歌手第三季踢馆赛,5825125,2026-08-11
ynaQiCeZJOU,#王心凌〈DADADA×擔擔擔〉短版MV ─ 豐田鉑智7 Toyota bZ7代言主題曲,1594,2026-08-11
TY3nj5ANRrk,會呼吸的痛,11871536,2026-08-11
6_Nx1szSyeY,Hot Girls Cold Vibe,812509,2026-08-11
ISN_veOMtpM,我只要我開心,44956,2026-08-11
dNsscRnEczk,誓言,9128,2026-08-11
8wyePWq-rYY,陳宇祥 Shawn 【一直下 Fall and Fall】Official Lyric Video,190350,2026-08-11
PXXcAoi_VQg,戎大姨《這場雨下完就忘了你》｜雨停了，為什麼還是忘不了？【雨落散場・歌詞故事】,72,2026-08-11
sHTHCIJ2-SE,[Vietsub] Hoài Nghi - Vương Tuấn Khải | 疑疑疑- 王俊凯- Trạm Trùng Khánh Tour Concert ENDLESSLY 19.07.26,1240,2026-08-11
YFr6p7vB9hc,林俊傑 JJ Lin – 關鍵詞 The Key (華納 Official 高畫質 HD 官方完整版 MV),62150809,2026-08-11
x3JUIKB0zuY,奢求 - 奥利(Ollie) & 淑元(Shuyuan) [Deep In OST.],4720,2026-08-11
aE9h04yMqBw,【纯享版】姚晓棠首次挑战Rap！携手Top Barry杨博睿演绎《Trust Me》 温柔嗓音碰撞高燃Flow 反差感直接拉满 #天赐的声音7 EP8 20260731,129531,2026-08-11
QTA01N6DlR4,"方大树,灯叔 - 看山 || Nhìn Núi - Phương Đại Thụ, Đăng Thúc (Lyrics 抖音版2026)",1246,2026-08-11
QKtb-WqRQgw,南楼残樱,10241,2026-08-11
7Oo9x9gGUNQ,【纯享版】王铮亮黄子弘凡深情对唱《爱错》！两代实力唱将顶级和声碰撞 情绪层层递进每一句都唱进心里 #天赐的声音7 EP6 20260717,87637,2026-08-11
yz80TCsFDaA,此生不換 - 青鳥飛魚 - 『超高无损音質』【動態歌詞Lyrics】,1701369,2026-08-11
KZ45Bojl1vw,爱上你我很快乐,111811,2026-08-11
F3eLllpbK80,"周深深 - 红颜旧(氛围版)『红颜旧 任凭斗转星移,唯不变此情悠悠。』『动态歌词MV』#经典老歌",64,2026-08-11
prjFbOzBVWU,耀眼的我们（《天才，女友》影视剧主题曲/片头曲）,25284,2026-08-11
wOpAuisJFVg,赤子（电视剧《问心2》片尾主题曲）,74861,2026-08-11
gUDdbjBZvC8,菜園子不CAi - 我曾『我曾心比天高志無窮，奈何命運多捉弄，歲月匆匆皆成風，徒留遺憾在心中。』【動態歌詞MV】,4504,2026-08-11
au4L9mvaPvA,别在伤口撒盐（男声版）,22498,2026-08-11
M00rcJ9gMEc,蔡依林 Jolin Tsai - 妥協 Compromise (華納official 官方完整版MV),16337143,2026-08-11
n0Y7J-TzgZE,出現又離開 - 梁博「 听过一次就想再听无限循环 」動態拼音歌詞 PinYin Lyrics 高音質,8644726,2026-08-11
2dOvdrbfuGc,周深 -《荒城渡》(陳情令薛洋人物主題曲)｜CC歌詞字幕,1904741,2026-08-11
B8KCH3i43LE,消失的恋人,152,2026-08-11
rk9DMP8QTRo,Dats Me (通通是我) (Live),4919,2026-08-11
XVFaxXkQz0E,G.E.M. 邓紫棋 - 多远都要在一起  (Long Distance) Pinyin Simplified Chinese Lyrics,903419,2026-08-11
kj11GU_h7IQ,有你(電視劇《愛情有煙火》片尾曲) - 劉宇寧『You ni(Dian shi ju《Ai qing you yan huo 》Pian wei qu) - Liu yu ning』,26640,2026-08-11
2vpDf4zVuCI,【纯享版】把遗憾唱得太具体了！#黄霄雲 #欢子 一首《是你没选我啊》将爱而不得的遗憾与不甘唱得层层递进 后劲十足！#天赐的声音7 EP3 20260626,319444,2026-08-11
wiA0u-YQG7Q,譚維維【你只是你】HD 高清官方歌詞版 MV,582,2026-08-11
ctWxU3u2JD8,我好想你•一 一 (Live),87108,2026-08-11
m78lJuzftcc,盧廣仲 Crowd Lu 【刻在我心底的名字 Your Name Engraved Herein】 Official Music Video  （刻在你心底的名字電影主題曲）,81221995,2026-08-11
BZO1N0dt0Bo,The Gentlemen (绅士们) (Live),22410,2026-08-11
tyOspftCa1M,一於奉陪（電影《97古惑仔：戰無不勝》主題曲）,744648,2026-08-11
J88kOcG7hmc,刘雨昕XIN LIU - STRANGE (XANADU 2.0 TOUR: Live from Shenzhen),1086,2026-08-11
7xgucJEqNDo,林俊傑 JJ Lin【背對背擁抱 Back To Back】官方完整版 MV,22731382,2026-08-11
cDWeQI-xplM,满天星 (Sky Full of Stars) - 翟潇闻 (Zhai Xiaowen)《爱上另一个我 My Drama Missy》Chi/Eng/Pinyin lyrics,1195,2026-08-11
VV4yacVxHRA,半根萝卜 - 回头太难（港风女版）『一生热爱 回头太难 情路更漫长。』『动态歌词MV』#经典老歌 #推荐 #好听音乐,1259,2026-08-11
rr-fgEWozJQ,【纯享版】#王铮亮 #高睿 全新演绎#茜拉 《到时说爱我》！顶级和声层层递进 催泪指数直接拉满 #天赐的声音7 EP4 20260703,31030,2026-08-11
udB18Ur5Tgo,Forever (永不凋零) (Live),37773,2026-08-11
SdfEmYw6adk,《歌手2026》第十期｜魏如萱〈雪崩〉,10041,2026-08-11
Ls6y4JbkNa0,No More Tomorrow,6583,2026-08-11
Z6SeWv1-etI,【纯享版】黄子弘凡唱响《天赐的声音7》主题曲《亲爱的你，好久不见》 清亮唱腔温柔又有力量！低声吟唱字字治愈 #天赐的声音7 20260618,20819,2026-08-11
9HDHnU-Vl0g,胡彥斌 Tiger Hu 【你要的全拿走 Take Everything You Want】 HD 官方高清完整版 MV,59977065,2026-08-11
kHjRp4-_gL8,【纯享版】周笔畅重唱20年前比赛歌曲《爱我还是他》！携手王铮亮全新演绎陶喆经典神曲 一开口就是华语Live天花板 #天赐的声音7 EP5 20260710,112989,2026-08-11
BeoL2D-37I4,Ariana Grande - never get over me (official visualizer),2069270,2026-08-11
9HWZgQTXRW0,如果你也刚好抬头看树,20089,2026-08-11
wwdm5AHp0Nw,【纯享版】#李宇春 全新演绎《酒鬼的歌》！洒脱唱腔碰撞微醺旋律 把人生百味唱得通透又自在！#国乐无双 EP10 20260801,1717,2026-08-11
4TP7HoCDCZc,如果你也这样过,365102,2026-08-11
uckoPTpsxuw,周宣绮、Kissper - 执念『把他们打败 却被 淘汰，到底属于爱 还是被爱。』【动态歌词MV】,134,2026-08-11
JDpRnPef5qQ,《爱情转移》汪晨蕊华语粤语丝滑切换 这个版本的 #富士山下超有feel #陈奕迅  | 纯享 #music #live《中国新歌声》第9期 SING!CHINA EP.9 20160909,30195025,2026-08-11
_CO3onnZOB0,【纯享版】两大热歌制造机梦幻合体！en王翊恩于冬然深情演绎《间距》 将单向奔赴里的心酸、克制与不舍唱得细腻又戳心！#有歌2 EP10 20260306,121117,2026-08-11
Zdv2mTFLYxo,Work (from PAW Patrol: The Dino Movie),87832,2026-08-11
8lXZjPuanW0,白 - 哥伦布 || Columbus - Bạch (Lyrics 抖音版2026),253,2026-08-11
qwTcFRLoajo,王俊凱《下一天》｜夢想破碎後，如何重新出發？《向陽而舞》AI音樂故事,44,2026-08-11
6lRRgMEqb2g,無名氏,34485,2026-08-11
Wp3CpQUpXRw,【纯享版】#容祖儿 惊艳演绎《蓝旗袍》！港风女王一开口就是高级感 氛围感直接封神 港乐DNA狠狠觉醒！#国乐无双 EP9 20260725,9411,2026-08-11
KPnvtYmFe9c,【纯享版】杨宗纬高睿深情演绎《我爱的是爱我的你》！故事感嗓音碰撞细腻情绪 催泪指数直接拉满 #天赐的声音7 EP5 20260710,105756,2026-08-11
gHk8MIx6nfY,第57次取消发送,17340087,2026-08-11
RNMnlWz6Rag,何洁 - 窒息 (那天我哭到窒息) || Ngạt Thở - Hà Khiết (Lyrics 抖音版2026),465,2026-08-11
dtYOZ1wAx7I,生日不快乐（Birthday Blues）,7440,2026-08-11
BLW69Na62E0,繁花流年 (电视剧《九门》插曲),1949,2026-08-11
mXmZjmP4FEM,春,15085,2026-08-11
5gISlem0c8I,陈少熙 - 花落花『让花落花 趁着夕阳还没落下 翩翩起舞像一幅画。』『动态歌词MV』,917,2026-08-11
IjUGvBR-PIU,轻烟大叔 - 光阴的故事 || Câu Chuyện Thời Gian - Khinh Yên Đại Thúc (Lyrics 2026),257,2026-08-11
iJHmw94xtT4,【纯享版】杨丞琳黄霄雲挑战张靓颖《野心家》！黄霄雲用歌声回望自己的来时路 每一句都像在唱自己 #天赐的声音7 EP7 20260724,246725,2026-08-11
gTMSX_aJGXo,慢冷 (Live),1144187,2026-08-11
yGHEis32s2Y,Steve Lacy - oh yeah? (Visualizer),884789,2026-08-11
O4B9YOoY158,【纯享版】罗云熙姚晓棠空灵对唱《无人之岛》！破碎感声线层层递进 唱尽相爱却无法靠近的遗憾 #天赐的声音7 EP5 20260710,800044,2026-08-11
yM3jz8xVEqo,【纯享版】#杨丞琳 惊喜合作#EN王翊恩 演绎《失眠》！经历舞台失误后再次开唱 EN终于交出属于自己的天赐答卷 全新改编太戳心啦 #天赐的声音7 EP4 20260703,200773,2026-08-11
6ZI8JD54-dY,吻合（《莫离》影视剧情感对唱曲）,94117,2026-08-11
RTXUDa2f48w,借过一下,2056796,2026-08-11
VhCRokYVF1I,郭靜 Claire Kuo - 心牆 (官方版MV),31829913,2026-08-11
7zyDhQLypF0,原谅我不懂,505143,2026-08-11
WfYO_Q2n-Vk,青花 - 周傳雄 - 『超高无损音質』【動態歌詞Lyrics】,3334449,2026-08-11
cxm8b1gOeqk,薛之謙 Joker Xue《媚人》｜Official Lyrics Music Video,224920,2026-08-11
uEdEBhcf4Gs,汹涌（《这一秒过火》影视剧暧昧情感曲）,24321,2026-08-11
BQgcEQD9KGc,小人物 (Live),8180,2026-08-11
KYytKqBUkQo,不是我不小心 (氛围版),8,2026-08-11
nCnFWwdQwCM,山川与岛屿,400,2026-08-11
F6A6Qz7nrGc,『MV』一諾成川(《雀骨》影視劇片頭曲) - 侯明昊『Yi nuo cheng chuan(《Que gu 》 Ying shi ju pian tou qu) - Neo Hou』,60428,2026-08-11
_3_hFDp8uf8,我真的好想你(电视剧《爱情有烟火》插曲),22119,2026-08-11
1G1KA2V1gm4,Trouble Maker (麻烦你了) (Live),57870,2026-08-11
MgAGV6sITnU,王菲《如願》Faye Wong  ♥ ♪♫*•,14900225,2026-08-11
hMRKkipmWT0,每个人 (舒楠监制 官方正式版),61172,2026-08-11
CgJx9C-9xGs,【影視劇ost】李佳薇 | 無歸《花開錦繡》影視劇插曲 Escape to Your Heart OST #丁禹兮 #鄧恩熙 #lyrics #花開錦繡,2959,2026-08-11
nYTV3j56SAE,周震南、陳卓璇 - 第三個吻痕『難道我 非要有，第三種人稱 第三個吻痕』動態歌詞MV #周震南 #陳卓璇 #音你而来3,49956,2026-08-11
nRGMA6n17p0,星野源 - 好き,33652,2026-08-11
VXl4FzluCOE,他不懂,7941477,2026-08-11
2n-xedHZvrI,【影視劇ost】衣諾 | 從忘記你那天起《這一秒過火》影視劇溫情治癒曲 Overdo OST #張凌赫 #王楚然 #lyrics #这一秒过火,10803,2026-08-11
D_gLFOf5SqY,[유미의 세포들 시즌3 (Yumi's Cells 3) OST Part 5] 앤톤 (ANTON) - Close to Me MV,887855,2026-08-11
5sXP0cGpLyY,First And Last,5061493,2026-08-11
iNKVImcNSrg,笼 (电影《消失的她》片尾主题曲),13972680,2026-08-11
LkaUXbLd10A,寂寞寂寞不好 (Live),17690,2026-08-11
jW3j6yd2srQ,抱緊緊（2026年民視、公視台語台、中華電信...,101053,2026-08-11
_lKbPBS5HEQ,Ariana Grande - oh well (official visualizer),1647082,2026-08-11
pIfN_81SpgA,【纯享版】#金志文 爆改东北味《纯妹妹》！用独特民歌唱腔唱出别具一格的风味！吉他solo惊喜加入 这版Live越听越有味道！#国乐无双 EP9 20260725,6525,2026-08-11
FpPDwP0NWnw,王力宏 Leehom Wang - 我們的歌,7452546,2026-08-11
CJBs2T4YbKk,UP IT,11946,2026-08-11
AP4yGB6UF9g,吴炳文Cookie - 留白「以為你還會回來  留下了一片空白是我的依賴」歌詞視頻Lyrics video | 抖音熱歌,167678,2026-08-11
H2Taq2lxGg8,🎵❤马健涛一首【忘情牛肉面】不放眼泪不放痛放忘情汤❤,2117753,2026-08-11
1h6uxsJiOz8,夏天的味道,4369,2026-08-11
4JpZKgXr2lI,忘了吗忘了吧,1655,2026-08-11
qI1sLsFF6do,电子布洛芬 (Live),2104,2026-08-11
_IT83Y_HcAw,JENNIE - Less than a Lover (Official Video),20210014,2026-08-11
phbCk43iEiw,巴扎黑 - 吹吹山顶的风 || Đi Hóng Gió Trên Đỉnh Núi - Ba Trát Hắc (Lyrics 抖音版2026),20169,2026-08-11
_tr0Q042nVo,Already Free,905511,2026-08-11
i6W3qRIH1kc,凤凰传奇-奢香夫人,2646786,2026-08-11
BtlKy3TgNCM,劉宇寧《見山河》（電視劇《御廷謠》主題曲）官方MV｜騰訊音樂發行頻道,103132,2026-08-11
dMf6YlGsv0U,"박진영(J.Y. Park) ""WET"" M/V",1714535,2026-08-11
6fiETnMALLk,礼越 - 水为媒『山有情来水有意，生生世世永不分离。』【动态歌词MV】,1006,2026-08-11
vYS19ebfuAE,【纯享版】郁可唯金晨惊艳演绎《半壶纱》！国风舞台美到失语 不愧是被北舞写进教科书的人 #天赐的声音7 EP6 20260717,168111,2026-08-11
98upJDuxNZI,心之火 (宿命版),804558,2026-08-11
x1faHHujvCY,I Promise (《耀眼》电视剧插曲),44356,2026-08-11
JGGL56GMMsM,劉宇寧《一诺》（《花開錦繡》電視劇主題曲/片尾曲）官方MV｜騰訊音樂發行頻道,61368,2026-08-11
vP6NceIuVkM,Ever2Late!,81426,2026-08-11
kF8DmT9EBNs,歌曲：别来无恙 - 任素汐毛不易 沃尔沃V90CC&劲浪大乌托邦 【开车听音乐分享】,2084,2026-08-11
qkgeZe4R2Bw,張敬軒 Hins Cheung《放棄的界限》(Eight Days of Silence) [Lyric Video],340062,2026-08-11
Z1lsG7m2OCk,【纯享版】张远又来用歌声讲故事了！一曲张信哲《别怕我伤心》 独有的旋律走向和编曲让新旧年代的人都能脱口哼唱 #17号音乐仓库2 EP3 20240301,191287,2026-08-11
IpiRPbNJ6MM,想得美,24532,2026-08-11
y_sILJY8wus,【纯享版】刘雨昕欧阳娜娜全新演绎孙燕姿《我不难过》！顶级声线碰撞细腻情绪 把成年人的遗憾唱得克制而深刻 #天赐的声音7 EP6 20260717,308900,2026-08-11
ixWb3kjqqB4,與你 - 胡夏 《有你在的城，總有走不完的路》主題曲 「你在我身旁放晴了每一個雨天」【無損高音質歌詞版】,113,2026-08-11
ZPp_rvDB-pY,我是不是該安靜的走開,1356791,2026-08-11
IwN3_N_Dgl4,孤单北半球 (Live),38731,2026-08-11
xNVtmoES0WQ,倒悬之河（《百花杀》影视剧插曲）,31098,2026-08-11
jZxAlMvuazQ,一樣的月光,63966,2026-08-11
k7SDstVAD78,"Ariana Grande - nowhere, nobody (official visualizer)",1333759,2026-08-11
UyGJNeBcntk,By2 - 我知道【歌詞】,8829309,2026-08-11
zgmnU8BxE2c,遇見 ~ 孫燕姿 ( 動態歌詞 ),21910722,2026-08-11
GRwfm2WL83M,爱的主打歌 (电音男版),97302,2026-08-11
NVbhA9glLi4,【纯享版】罗云熙跨界搭档黄霄雲演绎古风OST《桃花诺》！破碎感氛围直接拉满 黄霄雲结尾高音堪称封神 #天赐的声音7 EP4 20260703,656038,2026-08-11
iKrMvFYaFzg,徐良 - 後會無期 Feat. 汪蘇瀧(Official MV) (偶像劇借用一下你的愛 片頭曲),6545940,2026-08-11
bTn_p14as-U,He Haonan - 《痕迹》  : 何浩楠HE限定生日演唱会,40,2026-08-11
zmJGRcO0wKw,最好的伴（综艺《哈哈哈哈哈》第六季温暖宣传曲）,4984,2026-08-11
jQkuH-5Au28,孤剑吟 (电视剧《雨霖铃》主题曲),134222,2026-08-11
VNkzgV39c6w,【黄霄雲】全新OST《怜心》影视剧《雀骨》执念曲,47809,2026-08-11
uCfrxj_NVmw,抖音《素顏》許嵩、何曼婷【動態歌詞Lyrics】,2661291,2026-08-11
7DPSsBrkeQw,第一次做人,287704,2026-08-11
hz_UdLayUao,遠距離 Long Distance,99141,2026-08-11
VaObOji3t2A,是非题 (Live),69079,2026-08-11
6WPWpadfJfI,周旋,448352,2026-08-11
DB6iUTn1dKs,馮建宇＆趙志剛《只是片刻》｜她即將失明，仍在黑暗中完成最後一舞【一瞬長明】,20,2026-08-11
4RqKoPRlCpk,After the Fever,2201,2026-08-11
yj98tMDi6Xw,执棋 (电视剧《翘楚》主题曲),271680,2026-08-11
