歌名,歌手,Video ID,語言,語言判斷依據
无名氏,张真源,6lRRgMEqb2g,未知,未找到 Gemini API Key (請檢查 Streamlit Secrets 或環境變數)
No More Tomorrow,严浩翔,Ls6y4JbkNa0,未知,未找到 Gemini API Key (請檢查 Streamlit Secrets 或環境變數)
过海,王赫野/黄龄,IgjnQV8WJH8,未知,未找到 Gemini API Key (請檢查 Streamlit Secrets 或環境變數)
全世界的雨,周深/Ella陈嘉桦,JqR0_IFpdcg,未知,未找到 Gemini API Key (請檢查 Streamlit Secrets 或環境變數)
唯我论者的独白,马嘉祺,1x0vBteO4jc,未知,未找到 Gemini API Key (請檢查 Streamlit Secrets 或環境變數)
吹吹山顶的风,巴扎黑,phbCk43iEiw,未知,未找到 Gemini API Key (請檢查 Streamlit Secrets 或環境變數)
讨厌情歌,张艺兴,Lxw5wGrpcYU,未知,未找到 Gemini API Key (請檢查 Streamlit Secrets 或環境變數)
只是片刻,冯建宇/赵志刚,DB6iUTn1dKs,未知,未找到 Gemini API Key (請檢查 Streamlit Secrets 或環境變數)
周旋,王以太/艾热AIR,6WPWpadfJfI,未知,未找到 Gemini API Key (請檢查 Streamlit Secrets 或環境變數)
汹涌,吴莫愁,uEdEBhcf4Gs,未知,未找到 Gemini API Key (請檢查 Streamlit Secrets 或環境變數)
江湖再见,刘芊螢,-,未知,未找到 Gemini API Key (請檢查 Streamlit Secrets 或環境變數)
山风山风等等我,万海东,dvphcY1G6Ng,未知,未找到 Gemini API Key (請檢查 Streamlit Secrets 或環境變數)
也许你就在对岸,张杰,YPy4E04LErU,未知,未找到 Gemini API Key (請檢查 Streamlit Secrets 或環境變數)
MOTION (feat. Juicy J),CORTIS/Juicy J,h7ITAdTxdxM,未知,未找到 Gemini API Key (請檢查 Streamlit Secrets 或環境變數)
petal,Ariana Grande,afSgBNwmZrQ,未知,未找到 Gemini API Key (請檢查 Streamlit Secrets 或環境變數)
失重色,世勋,s_dLEabS-mw,未知,未找到 Gemini API Key (請檢查 Streamlit Secrets 或環境變數)
Hope,王力宏,pZCxXaiW_lQ,未知,未找到 Gemini API Key (請檢查 Streamlit Secrets 或環境變數)
KISS N TELL,aespa,inxzQt78lOk,未知,未找到 Gemini API Key (請檢查 Streamlit Secrets 或環境變數)
媚人,薛之谦,cxm8b1gOeqk,未知,未找到 Gemini API Key (請檢查 Streamlit Secrets 或環境變數)
你我怎么两清(甲乙丙丁),半糖记,-,未知,未找到 Gemini API Key (請檢查 Streamlit Secrets 或環境變數)
都有这一天,老中青民谣/小巷先生,LPrQsoQmC9M,未知,未找到 Gemini API Key (請檢查 Streamlit Secrets 或環境變數)
我曾,菜园子不CAi,gUDdbjBZvC8,未知,未找到 Gemini API Key (請檢查 Streamlit Secrets 或環境變數)
踏马寻花向自由,半吨兄弟,-bVRxta_96I,未知,未找到 Gemini API Key (請檢查 Streamlit Secrets 或環境變數)
异常加载中,TF家族/TF家族-张桂源/TF家族-张函瑞/TF家族-王橹杰/TF家族-左奇函/TF家族-陈奕恒/TF家族-杨博文/TF家族-陈思罕/TF家族-陈浚铭,1265qQnOhfo,未知,未找到 Gemini API Key (請檢查 Streamlit Secrets 或環境變數)
"nowhere, nobody",Ariana Grande,k7SDstVAD78,未知,未找到 Gemini API Key (請檢查 Streamlit Secrets 或環境變數)
别在伤口撒盐,赵家豪,au4L9mvaPvA,未知,未找到 Gemini API Key (請檢查 Streamlit Secrets 或環境變數)
你我他,en (王翊恩),GzkHT-k-Ors,未知,未找到 Gemini API Key (請檢查 Streamlit Secrets 或環境變數)
WET,J.Y. Park,dMf6YlGsv0U,未知,未找到 Gemini API Key (請檢查 Streamlit Secrets 或環境變數)
放弃的界限,张敬轩,qkgeZe4R2Bw,未知,未找到 Gemini API Key (請檢查 Streamlit Secrets 或環境變數)
黄昏(纵然青丝如霜),正在进行石女士,GEBcOg08m0k,未知,未找到 Gemini API Key (請檢查 Streamlit Secrets 或環境變數)
灵魂相愿,张敬轩,1gV5Ij8e4rg,未知,未找到 Gemini API Key (請檢查 Streamlit Secrets 或環境變數)
Animal,KATSEYE,m7k9UMcHbr0,未知,未找到 Gemini API Key (請檢查 Streamlit Secrets 或環境變數)
别回头 别停留 往前走,苏子墨,-,未知,未找到 Gemini API Key (請檢查 Streamlit Secrets 或環境變數)
kiss me,Ariana Grande,RJHxDOD66mk,未知,未找到 Gemini API Key (請檢查 Streamlit Secrets 或環境變數)
红颜旧,周深深,F3eLllpbK80,未知,未找到 Gemini API Key (請檢查 Streamlit Secrets 或環境變數)
Pretty Much（半夏心动）,赵希予,-,未知,未找到 Gemini API Key (請檢查 Streamlit Secrets 或環境變數)
别哭 我最爱的人,周深深,5hpCLQhHOWI,未知,未找到 Gemini API Key (請檢查 Streamlit Secrets 或環境變數)
清明上河图（同花顺进行曲）,周深深,1fIrDx4jQCQ,未知,未找到 Gemini API Key (請檢查 Streamlit Secrets 或環境變數)
多疑的恋人,王赫野,HQLV_zq-MZk,未知,未找到 Gemini API Key (請檢查 Streamlit Secrets 或環境變數)
春,黄龄,mXmZjmP4FEM,未知,未找到 Gemini API Key (請檢查 Streamlit Secrets 或環境變數)
风与花的约定,半吨兄弟,L6GOfO7jH0w,未知,未找到 Gemini API Key (請檢查 Streamlit Secrets 或環境變數)
我难过,毒药,-,未知,未找到 Gemini API Key (請檢查 Streamlit Secrets 或環境變數)
竞速游戏,TOP登陆少年组合,H7SSEIodiE4,未知,未找到 Gemini API Key (請檢查 Streamlit Secrets 或環境變數)
光阴的故事,轻烟大叔,IjUGvBR-PIU,未知,未找到 Gemini API Key (請檢查 Streamlit Secrets 或環境變數)
如约,周深,CU60L5ck_Vo,未知,未找到 Gemini API Key (請檢查 Streamlit Secrets 或環境變數)
我只要我开心,时代少年团,ISN_veOMtpM,未知,未找到 Gemini API Key (請檢查 Streamlit Secrets 或環境變數)
No Boundaries,周深/北京环球度假区,f5vn-DcImgg,未知,未找到 Gemini API Key (請檢查 Streamlit Secrets 或環境變數)
Badi Badi,王俊凯,Ta9HWjNTJ8c,未知,未找到 Gemini API Key (請檢查 Streamlit Secrets 或環境變數)
如果你也刚好抬头看树,孙天宇,9HWZgQTXRW0,未知,未找到 Gemini API Key (請檢查 Streamlit Secrets 或環境變數)
北京的雨,张艺兴,XsW6KbnYDYg,未知,未找到 Gemini API Key (請檢查 Streamlit Secrets 或環境變數)
踏马寻花向自由,轻烟大叔,-,未知,未找到 Gemini API Key (請檢查 Streamlit Secrets 或環境變數)
窝囊废,刘凤瑶/曾一鸣/张玮/李琦/派克特,47ZjO-K_3V4,未知,未找到 Gemini API Key (請檢查 Streamlit Secrets 或環境變數)
左转灯 (1000 Times+1),派伟俊/mac ova seas,kUZZIBciO6A,未知,未找到 Gemini API Key (請檢查 Streamlit Secrets 或環境變數)
红尘慌慌,周深,h3596Dg4HT8,未知,未找到 Gemini API Key (請檢查 Streamlit Secrets 或環境變數)
奔赴超无限,周深/北京环球度假区,YvmmyNWSd0g,未知,未找到 Gemini API Key (請檢查 Streamlit Secrets 或環境變數)
oh well,Ariana Grande,_lKbPBS5HEQ,未知,未找到 Gemini API Key (請檢查 Streamlit Secrets 或環境變數)
山风不语,伍零五,-,未知,未找到 Gemini API Key (請檢查 Streamlit Secrets 或環境變數)
来我的岛,刘宇宁,udTSazfAfEo,未知,未找到 Gemini API Key (請檢查 Streamlit Secrets 或環境變數)
是我做了白日梦,姜添/听潮阁,KymF_2hV21o,未知,未找到 Gemini API Key (請檢查 Streamlit Secrets 或環境變數)
雨一直下,晚月moon,VcAuNBRmEEA,未知,未找到 Gemini API Key (請檢查 Streamlit Secrets 或環境變數)
后来没有后来,承桓/顾叮当,-,未知,未找到 Gemini API Key (請檢查 Streamlit Secrets 或環境變數)
香烟与吻痕 (我在月光下许过情真),黄龄,-t1495nGo-Q,未知,未找到 Gemini API Key (請檢查 Streamlit Secrets 或環境變數)
踏马寻花向自由(就别管那么多),徐剑秋,-,未知,未找到 Gemini API Key (請檢查 Streamlit Secrets 或環境變數)
听无声处,周深,4Csp1xRwxA8,未知,未找到 Gemini API Key (請檢查 Streamlit Secrets 或環境變數)
张三的歌,曲肖冰/凤璃,-,未知,未找到 Gemini API Key (請檢查 Streamlit Secrets 或環境變數)
Pretty Girl,RESCENE (리센느),qZlu2j2SiBA,未知,未找到 Gemini API Key (請檢查 Streamlit Secrets 或環境變數)
值得(我们的故事爱就爱到值得),王佳音,oA6ngto3iXY,未知,未找到 Gemini API Key (請檢查 Streamlit Secrets 或環境變數)
游京,苏子墨/sunnd,-,未知,未找到 Gemini API Key (請檢查 Streamlit Secrets 或環境變數)
这场雨下完就忘了你,戎大姨,PXXcAoi_VQg,未知,未找到 Gemini API Key (請檢查 Streamlit Secrets 或環境變數)
若不是因为你,赵乃吉,SlkBzcxx_Ws,未知,未找到 Gemini API Key (請檢查 Streamlit Secrets 或環境變數)
Less than a Lover,JENNIE,_IT83Y_HcAw,未知,未找到 Gemini API Key (請檢查 Streamlit Secrets 或環境變數)
stay,Ariana Grande,0J6tGMnBLlM,未知,未找到 Gemini API Key (請檢查 Streamlit Secrets 或環境變數)
耀眼的我们,周深,prjFbOzBVWU,未知,未找到 Gemini API Key (請檢查 Streamlit Secrets 或環境變數)
hate that i made you love me,Ariana Grande,82-jTNka3uc,未知,未找到 Gemini API Key (請檢查 Streamlit Secrets 或環境變數)
Bad Boy,万妮达Vinida Weng,D_K6igkrxM4,未知,未找到 Gemini API Key (請檢查 Streamlit Secrets 或環境變數)
SODA SODA,TWS,d1rWv8VeQO0,未知,未找到 Gemini API Key (請檢查 Streamlit Secrets 或環境變數)
回到小村落 (听着蛐蛐唱着歌),宋盐球,swObZJl0D-Y,未知,未找到 Gemini API Key (請檢查 Streamlit Secrets 或環境變數)
花落花,陈少熙,SKP9steiOM4,未知,未找到 Gemini API Key (請檢查 Streamlit Secrets 或環境變數)
全世界陪我出发,TF家族/TF家族-官俊臣/TF家族-张桂源/TF家族-张函瑞/TF家族-王橹杰/TF家族-王烁然/TF家族-左奇函/TF家族-陈奕恒/TF家族-杨博文/TF家族-杨涵博/TF家族-张奕然/TF家族-聂玮辰/TF家族-陈思罕/TF家族-魏子宸/TF家族-李煜东/TF家族-陈浚铭,h9Z8DtJeKLo,未知,未找到 Gemini API Key (請檢查 Streamlit Secrets 或環境變數)
不如(Edit),何欢浪,5CPLya4fyHg,未知,未找到 Gemini API Key (請檢查 Streamlit Secrets 或環境變數)
Glue,希林娜依高,_p-Qh8TjqCI,未知,未找到 Gemini API Key (請檢查 Streamlit Secrets 或環境變數)
You,Appleby,LYANS5AwwnA,未知,未找到 Gemini API Key (請檢查 Streamlit Secrets 或環境變數)
总有人间一两风,周深深,S0x-B-MV27g,未知,未找到 Gemini API Key (請檢查 Streamlit Secrets 或環境變數)
Reay killi,еяхат музыка/SENVER/404Hz,-,未知,未找到 Gemini API Key (請檢查 Streamlit Secrets 或環境變數)
一直下雨的星期天,印子月,-,未知,未找到 Gemini API Key (請檢查 Streamlit Secrets 或環境變數)
Surfin' Boy,Red Velvet,NZP153MUpHY,未知,未找到 Gemini API Key (請檢查 Streamlit Secrets 或環境變數)
夏日底片（不可战胜的夏天）,逵逵爱唱歌（KuiKui）/还是可以,oZoUYsCYBF4,未知,未找到 Gemini API Key (請檢查 Streamlit Secrets 或環境變數)
不要,橘子妹,FV-IDU5hmho,未知,未找到 Gemini API Key (請檢查 Streamlit Secrets 或環境變數)
我在等一个人,郑鱼,-,未知,未找到 Gemini API Key (請檢查 Streamlit Secrets 或環境變數)
听说你当初找过我,吕口口,-,未知,未找到 Gemini API Key (請檢查 Streamlit Secrets 或環境變數)
Sunburst,RIIZE,jAI0LeyASwI,未知,未找到 Gemini API Key (請檢查 Streamlit Secrets 或環境變數)
哥伦布,白,8lXZjPuanW0,未知,未找到 Gemini API Key (請檢查 Streamlit Secrets 或環境變數)
破晓,王俊凯,636TwjVWx5Q,未知,未找到 Gemini API Key (請檢查 Streamlit Secrets 或環境變數)
岛屿,棱镜乐队,Q9-v8FDKx84,未知,未找到 Gemini API Key (請檢查 Streamlit Secrets 或環境變數)
缠,那英,_AitteIOuMc,未知,未找到 Gemini API Key (請檢查 Streamlit Secrets 或環境變數)
不甘,弦子,jPUfB7SYYmM,未知,未找到 Gemini API Key (請檢查 Streamlit Secrets 或環境變數)
一个人而已,正在进行石女士,6s6G5KjsPUg,未知,未找到 Gemini API Key (請檢查 Streamlit Secrets 或環境變數)
梦哑,云汐,JucVZ39qDjM,未知,未找到 Gemini API Key (請檢查 Streamlit Secrets 或環境變數)
说了再见,弦子,7wqNuafSKog,未知,未找到 Gemini API Key (請檢查 Streamlit Secrets 或環境變數)
想得美,TOP登陆少年组合,6C2myvSkK80,未知,未找到 Gemini API Key (請檢查 Streamlit Secrets 或環境變數)
贴心,梁咏琪,dSX7D6XBGKY,未知,未找到 Gemini API Key (請檢查 Streamlit Secrets 或環境變數)
Metal Flower,R.E.D,vFzq2TaeLkU,未知,未找到 Gemini API Key (請檢查 Streamlit Secrets 或環境變數)
人间,刘宇宁,awyc5u7s_hg,未知,未找到 Gemini API Key (請檢查 Streamlit Secrets 或環境變數)
满纸,阿鲲,dqqehb_gEz0,未知,未找到 Gemini API Key (請檢查 Streamlit Secrets 或環境變數)
如果宇宙有答案,黄子弘凡,4kXZl6yf4-I,未知,未找到 Gemini API Key (請檢查 Streamlit Secrets 或環境變數)
Stay With Me,DK,5cglnHp1mmo,未知,未找到 Gemini API Key (請檢查 Streamlit Secrets 或環境變數)
浮生若梦,周深,IJ8kHZZD8O0,未知,未找到 Gemini API Key (請檢查 Streamlit Secrets 或環境變數)
千香,周深,o9ulZsWpFwE,未知,未找到 Gemini API Key (請檢查 Streamlit Secrets 或環境變數)
何故,刘宇宁,n5yL35f1IKI,未知,未找到 Gemini API Key (請檢查 Streamlit Secrets 或環境變數)
"I Knew It, I Knew You",Taylor Swift,hDU4GB1PTxc,未知,未找到 Gemini API Key (請檢查 Streamlit Secrets 或環境變數)
炙光,张碧晨/侯明昊,83RQld52drA,未知,未找到 Gemini API Key (請檢查 Streamlit Secrets 或環境變數)
我在意的,单依纯,GKHSYBHak4U,未知,未找到 Gemini API Key (請檢查 Streamlit Secrets 或環境變數)
破晓以后,胡彦斌,U_2HmXsOqgs,未知,未找到 Gemini API Key (請檢查 Streamlit Secrets 或環境變數)
怜心,黄霄雲,YlnxaMhFSR0,未知,未找到 Gemini API Key (請檢查 Streamlit Secrets 或環境變數)
一诺成川,侯明昊,L_BElNLdnEE,未知,未找到 Gemini API Key (請檢查 Streamlit Secrets 或環境變數)
Blind Spot,토모/원식 (WONSIK),ETiDRVhexco,未知,未找到 Gemini API Key (請檢查 Streamlit Secrets 或環境變數)
All For You,Eric周兴哲,osyH9yWWygA,未知,未找到 Gemini API Key (請檢查 Streamlit Secrets 或環境變數)
赤子,周深,wOpAuisJFVg,未知,未找到 Gemini API Key (請檢查 Streamlit Secrets 或環境變數)
想你了,刘瑞琦,XFGYYNz7gbw,未知,未找到 Gemini API Key (請檢查 Streamlit Secrets 或環境變數)
知我,刘雨昕,awKxszb6PL4,未知,未找到 Gemini API Key (請檢查 Streamlit Secrets 或環境變數)
蚱蜢跃入星空,王源,41MkOkGmSQY,未知,未找到 Gemini API Key (請檢查 Streamlit Secrets 或環境變數)
不倒翁,弦子,h7_NvOHhr5U,未知,未找到 Gemini API Key (請檢查 Streamlit Secrets 或環境變數)
渡,周深,T_6vMCU50t0,未知,未找到 Gemini API Key (請檢查 Streamlit Secrets 或環境變數)
别忘了,岑宁儿,ZpmbCnbVaOY,未知,未找到 Gemini API Key (請檢查 Streamlit Secrets 或環境變數)
倒悬之河,徐均朔/阿YueYue,xNVtmoES0WQ,未知,未找到 Gemini API Key (請檢查 Streamlit Secrets 或環境變數)
因果,段奥娟,rQYrp9dzCOA,未知,未找到 Gemini API Key (請檢查 Streamlit Secrets 或環境變數)
执棋,张靓颖,yj98tMDi6Xw,未知,未找到 Gemini API Key (請檢查 Streamlit Secrets 或環境變數)
Marionette,제나 (ZENA),MBVvRUJGyxU,未知,未找到 Gemini API Key (請檢查 Streamlit Secrets 或環境變數)
时差,Jeffrey董又霖,SI2SPivo8bA,未知,未找到 Gemini API Key (請檢查 Streamlit Secrets 或環境變數)
未烬之火,沙宝亮,-A41w3MHS-4,未知,未找到 Gemini API Key (請檢查 Streamlit Secrets 或環境變數)
Tiger in my love,奥利,vhIfGl5Hr0U,未知,未找到 Gemini API Key (請檢查 Streamlit Secrets 或環境變數)
袖里长风,张远,Up45ZAjL8_A,未知,未找到 Gemini API Key (請檢查 Streamlit Secrets 或環境變數)
做自己的英雄,邓典,3bgjq4KHKug,未知,未找到 Gemini API Key (請檢查 Streamlit Secrets 或環境變數)
烟波,小时姑娘,b9qqFutiJ48,未知,未找到 Gemini API Key (請檢查 Streamlit Secrets 或環境變數)
见幸福,郁可唯,-Xps4sA6joA,未知,未找到 Gemini API Key (請檢查 Streamlit Secrets 或環境變數)
Close to Me,ANTON,UTCHf9Dz2TY,未知,未找到 Gemini API Key (請檢查 Streamlit Secrets 或環境變數)
心世界,周深,EW-UO70eVL8,未知,未找到 Gemini API Key (請檢查 Streamlit Secrets 或環境變數)
漫过无尽岁月,张新成,mSyU8k_hRDY,未知,未找到 Gemini API Key (請檢查 Streamlit Secrets 或環境變數)
人间聚散,房东的猫,GEEXrDHsveU,未知,未找到 Gemini API Key (請檢查 Streamlit Secrets 或環境變數)
夜鷹 - Yodaka,米津玄師,83dumZPbq-o,未知,未找到 Gemini API Key (請檢查 Streamlit Secrets 或環境變數)
孤光,张新成,aN4OnHZchmQ,未知,未找到 Gemini API Key (請檢查 Streamlit Secrets 或環境變數)
满天星,翟潇闻,cDWeQI-xplM,未知,未找到 Gemini API Key (請檢查 Streamlit Secrets 或環境變數)
花影,希林娜依高,4bvtmJf3kgM,未知,未找到 Gemini API Key (請檢查 Streamlit Secrets 或環境變數)
耀眼,刘宇宁,pmiR74HbSjI,未知,未找到 Gemini API Key (請檢查 Streamlit Secrets 或環境變數)
Behind The Shine,RIIZE,3sKKVJ_jfAs,未知,未找到 Gemini API Key (請檢查 Streamlit Secrets 或環境變數)
照心,段奥娟,-bzOKKOzEFs,未知,未找到 Gemini API Key (請檢查 Streamlit Secrets 或環境變數)
吻合,袁娅维TIA RAY/张远,6ZI8JD54-dY,未知,未找到 Gemini API Key (請檢查 Streamlit Secrets 或環境變數)
风与花,何与,_Sjd3NVh1og,未知,未找到 Gemini API Key (請檢查 Streamlit Secrets 或環境變數)
人生自定义,那英,IeZjH-TRqbY,未知,未找到 Gemini API Key (請檢查 Streamlit Secrets 或環境變數)
自由的夏天,梁咏琪,4jfnIoNvv1Y,未知,未找到 Gemini API Key (請檢查 Streamlit Secrets 或環境變數)
上岸,任然,uon3hUO0eI8,未知,未找到 Gemini API Key (請檢查 Streamlit Secrets 或環境變數)
飞翔的一天,吴宣仪,s1T0UAgb49Q,未知,未找到 Gemini API Key (請檢查 Streamlit Secrets 或環境變數)
成全,井胧,h6rcI296mSI,未知,未找到 Gemini API Key (請檢查 Streamlit Secrets 或環境變數)
等雨停下,袁娅维TIA RAY,kBQ3Vs05XOI,未知,未找到 Gemini API Key (請檢查 Streamlit Secrets 或環境變數)
有你,刘宇宁,-,未知,未找到 Gemini API Key (請檢查 Streamlit Secrets 或環境變數)
Beyond the Dream,DINO,xGVynrYFsHE,未知,未找到 Gemini API Key (請檢查 Streamlit Secrets 或環境變數)
寸断,张远,NGsMs7MGjUs,未知,未找到 Gemini API Key (請檢查 Streamlit Secrets 或環境變數)
我爱的女孩,章若楠/金靖,B9cIUhIKQQo,未知,未找到 Gemini API Key (請檢查 Streamlit Secrets 或環境變數)
兵自风中来,欧豪,8_mMG39oXs0,未知,未找到 Gemini API Key (請檢查 Streamlit Secrets 或環境變數)
一程人间,翟子路/马思超,bCpdn-tqdjk,未知,未找到 Gemini API Key (請檢查 Streamlit Secrets 或環境變數)
吹向花开,希林娜依高,gcSdKIvM0bA,未知,未找到 Gemini API Key (請檢查 Streamlit Secrets 或環境變數)
生来精彩,RIIANA,BHh_1r91ZPs,未知,未找到 Gemini API Key (請檢查 Streamlit Secrets 或環境變數)
你只是你,谭维维,wiA0u-YQG7Q,未知,未找到 Gemini API Key (請檢查 Streamlit Secrets 或環境變數)
一百颗星星,关晓彤/李昀锐,GbHiF2op4rQ,未知,未找到 Gemini API Key (請檢查 Streamlit Secrets 或環境變數)
上场,雪野XUEYE,Xdwzj-lVuDg,未知,未找到 Gemini API Key (請檢查 Streamlit Secrets 或環境變數)
练习,打扰一下乐团,7-gMQPuq690,未知,未找到 Gemini API Key (請檢查 Streamlit Secrets 或環境變數)
나란한 밤,서영주 of 너드커넥션,REFB9MM1e-Q,未知,未找到 Gemini API Key (請檢查 Streamlit Secrets 或環境變數)
Brand New,Mrs. GREEN APPLE,dePs7UPp6GQ,未知,未找到 Gemini API Key (請檢查 Streamlit Secrets 或環境變數)
幽光,刘宇宁,USo-_-WCrCM,未知,未找到 Gemini API Key (請檢查 Streamlit Secrets 或環境變數)
再叙,王晰,aPjXEc6ziHc,未知,未找到 Gemini API Key (請檢查 Streamlit Secrets 或環境變數)
西西弗斯,王安宇/夏日入侵企画,V45HrscjNbY,未知,未找到 Gemini API Key (請檢查 Streamlit Secrets 或環境變數)
평행선,변우석,3wjCZxNPtXE,未知,未找到 Gemini API Key (請檢查 Streamlit Secrets 或環境變數)
年少,康子奇,zvhe1uzuqeU,未知,未找到 Gemini API Key (請檢查 Streamlit Secrets 或環境變數)
方寸之间,白鹿/丞磊,mykryGzMQ70,未知,未找到 Gemini API Key (請檢查 Streamlit Secrets 或環境變數)
星昼,周深,7MeGFo03ukA,未知,未找到 Gemini API Key (請檢查 Streamlit Secrets 或環境變數)
I Promise,姚琛,x1faHHujvCY,未知,未找到 Gemini API Key (請檢查 Streamlit Secrets 或環境變數)
Already Free,ALEPH,_tr0Q042nVo,未知,未找到 Gemini API Key (請檢查 Streamlit Secrets 或環境變數)
梦圆,张紫宁,H3UUiVIx6bI,未知,未找到 Gemini API Key (請檢查 Streamlit Secrets 或環境變數)
一路荣光,黄霄雲,Oa7bcygFWUY,未知,未找到 Gemini API Key (請檢查 Streamlit Secrets 或環境變數)
孤剑吟,周深,jQkuH-5Au28,未知,未找到 Gemini API Key (請檢查 Streamlit Secrets 或環境變數)
问流光,阿YueYue,dujujkbPEPg,未知,未找到 Gemini API Key (請檢查 Streamlit Secrets 或環境變數)
爱情没有神话,张靓颖,qRgm1_5Wvl0,未知,未找到 Gemini API Key (請檢查 Streamlit Secrets 或環境變數)
Y and I,刘美麟/赵磊,iUkNpyTdRUM,未知,未找到 Gemini API Key (請檢查 Streamlit Secrets 或環境變數)
从忘记你那天起,衣诺,2n-xedHZvrI,未知,未找到 Gemini API Key (請檢查 Streamlit Secrets 或環境變數)
光荣的勋章,白举纲,2VpfdNdA5P4,未知,未找到 Gemini API Key (請檢查 Streamlit Secrets 或環境變數)
First And Last,어바웃,5sXP0cGpLyY,未知,未找到 Gemini API Key (請檢查 Streamlit Secrets 或環境變數)
我真的好想你,张紫宁,_3_hFDp8uf8,未知,未找到 Gemini API Key (請檢查 Streamlit Secrets 或環境變數)
南楼残樱,秦剑,QKtb-WqRQgw,未知,未找到 Gemini API Key (請檢查 Streamlit Secrets 或環境變數)
迷心,亚森,2x4qaX4ZJvo,未知,未找到 Gemini API Key (請檢查 Streamlit Secrets 或環境變數)
抱紧紧,陈佩贤 Jesslyn,CEqJ4E-hvbc,未知,未找到 Gemini API Key (請檢查 Streamlit Secrets 或環境變數)
추억이란 이름 (Sailing Back To You),Jeebanoff,XWm35wuGqvY,未知,未找到 Gemini API Key (請檢查 Streamlit Secrets 或環境變數)
터널,丽兹 (LIZ),8QuIlXWdRos,未知,未找到 Gemini API Key (請檢查 Streamlit Secrets 或環境變數)
冲,吉克隽逸,KS4oKYAktXc,未知,未找到 Gemini API Key (請檢查 Streamlit Secrets 或環境變數)
旧年,刘宇宁,vBTC8F3onuM,未知,未找到 Gemini API Key (請檢查 Streamlit Secrets 或環境變數)
冲线,卢文韬,-,未知,未找到 Gemini API Key (請檢查 Streamlit Secrets 或環境變數)
空心,黄霄雲/刘端端,zlAjS20q9pE,未知,未找到 Gemini API Key (請檢查 Streamlit Secrets 或環境變數)
野心家,杨丞琳/黄霄雲,MJZc-Dg5WeQ,未知,未找到 Gemini API Key (請檢查 Streamlit Secrets 或環境變數)
我不难过,刘雨昕/欧阳娜娜,y_sILJY8wus,未知,未找到 Gemini API Key (請檢查 Streamlit Secrets 或環境變數)
言不由衷,黄子弘凡/Rapeter,EEHVG_c4kgo,未知,未找到 Gemini API Key (請檢查 Streamlit Secrets 或環境變數)
月光与吻痕,杨宗纬/欢子/喻言,N5COHYSS51o,未知,未找到 Gemini API Key (請檢查 Streamlit Secrets 或環境變數)
第一次做人,张远,nq6RG6-A-Xs,未知,未找到 Gemini API Key (請檢查 Streamlit Secrets 或環境變數)
别错过,杨宗纬/姚晓棠,Tc23na0-Wlw,未知,未找到 Gemini API Key (請檢查 Streamlit Secrets 或環境變數)
爱的主打歌,刘宇,GRwfm2WL83M,未知,未找到 Gemini API Key (請檢查 Streamlit Secrets 或環境變數)
问爱,Yamy郭颖,8tqVS2VpzEI,未知,未找到 Gemini API Key (請檢查 Streamlit Secrets 或環境變數)
小半,王铮亮/谭松韵,AJSvQ8HOzGY,未知,未找到 Gemini API Key (請檢查 Streamlit Secrets 或環境變數)
春,王铮亮/黄龄/陈文非,DRYPvbRFmXk,未知,未找到 Gemini API Key (請檢查 Streamlit Secrets 或環境變數)
Talk like me (像我这样说),弹壳,l-V4WOvSAfk,未知,未找到 Gemini API Key (請檢查 Streamlit Secrets 或環境變數)
讨厌,杨丞琳/欧阳娜娜,gw5ED3eAv5k,未知,未找到 Gemini API Key (請檢查 Streamlit Secrets 或環境變數)
迷人的危险,Ghost (王琳凯)/姚晓棠,K5t-1v-IZ9k,未知,未找到 Gemini API Key (請檢查 Streamlit Secrets 或環境變數)
街角的晚风,曾舜晞/姚晓棠,bLvvnIB9MCY,未知,未找到 Gemini API Key (請檢查 Streamlit Secrets 或環境變數)
到此为止,尤长靖,59zO4rIqcno,未知,未找到 Gemini API Key (請檢查 Streamlit Secrets 或環境變數)
爱人错过,王菀之,E52qnW59iEE,未知,未找到 Gemini API Key (請檢查 Streamlit Secrets 或環境變數)
爱错,王铮亮/黄子弘凡,7Oo9x9gGUNQ,未知,未找到 Gemini API Key (請檢查 Streamlit Secrets 或環境變數)
改变,窦靖童,WXpbugS_RRY,未知,未找到 Gemini API Key (請檢查 Streamlit Secrets 或環境變數)
心引力,周笔畅/田嘉瑞,zfKyiLmtZeA,未知,未找到 Gemini API Key (請檢查 Streamlit Secrets 或環境變數)
借过一下,陈小春,RTXUDa2f48w,未知,未找到 Gemini API Key (請檢查 Streamlit Secrets 或環境變數)
Dats Me (通通是我),Top Barry,m6jb1G1arYE,未知,未找到 Gemini API Key (請檢查 Streamlit Secrets 或環境變數)
半壶纱,郁可唯/金晨,vYS19ebfuAE,未知,未找到 Gemini API Key (請檢查 Streamlit Secrets 或環境變數)
雪崩,魏如萱,PY9BsbHcMXg,未知,未找到 Gemini API Key (請檢查 Streamlit Secrets 或環境變數)
歌曲：立春,周慧敏/刘敏涛/梁咏琪/秦海璐/薛凯琪/张钧甯/姜妍/热依扎/刘惜君/希林娜依高,vQaa1t2ZbNE,未知,未找到 Gemini API Key (請檢查 Streamlit Secrets 或環境變數)
锁,张靓颖/曾舜晞,jTPeg10b3KI,未知,未找到 Gemini API Key (請檢查 Streamlit Secrets 或環境變數)
失眠,杨丞琳/en (王翊恩),yM3jz8xVEqo,未知,未找到 Gemini API Key (請檢查 Streamlit Secrets 或環境變數)
巴拉莱卡 (The Rod),张靓颖/陈楚生,U-ZSLPlaGhA,未知,未找到 Gemini API Key (請檢查 Streamlit Secrets 或環境變數)
不同凡想,万妮达Vinida Weng,AwvjyyC2_f4,未知,未找到 Gemini API Key (請檢查 Streamlit Secrets 或環境變數)
小人物,辉子,RzpdmPIhcdc,未知,未找到 Gemini API Key (請檢查 Streamlit Secrets 或環境變數)
嘿陈会计,Rapeter,F5cdOTuaUmM,未知,未找到 Gemini API Key (請檢查 Streamlit Secrets 或環境變數)
是你没选我啊,欢子/黄霄雲,2vpDf4zVuCI,未知,未找到 Gemini API Key (請檢查 Streamlit Secrets 或環境變數)
无人之岛,罗云熙/姚晓棠,Bv115M-BvQg,未知,未找到 Gemini API Key (請檢查 Streamlit Secrets 或環境變數)
River (河流),吉克隽逸/高睿,z7gkAIHUxZs,未知,未找到 Gemini API Key (請檢查 Streamlit Secrets 或環境變數)
我是不是该安静的走开,胡彦斌,dlj4D0ZrWus,未知,未找到 Gemini API Key (請檢查 Streamlit Secrets 或環境變數)
纯妹妹,金志文,pIfN_81SpgA,未知,未找到 Gemini API Key (請檢查 Streamlit Secrets 或環境變數)
歌曲：快乐小马,王安宇/黄子弘凡/范丞丞/胡先煦,YZ1SbZoiAko,未知,未找到 Gemini API Key (請檢查 Streamlit Secrets 或環境變數)
夜来香,宋亚轩,AoqEpnoNPHU,未知,未找到 Gemini API Key (請檢查 Streamlit Secrets 或環境變數)
西厢寻他,黄霄雲/刘宇,bEYpckbqqhs,未知,未找到 Gemini API Key (請檢查 Streamlit Secrets 或環境變數)
依兰爱情故事,岳云鹏/金志文/管乐,mDVbPLkssXI,未知,未找到 Gemini API Key (請檢查 Streamlit Secrets 或環境變數)
同花顺,宋亚轩,WruTIPGb84U,未知,未找到 Gemini API Key (請檢查 Streamlit Secrets 或環境變數)
他真的对你好吗,付豪,AHJwzZUHwqc,未知,未找到 Gemini API Key (請檢查 Streamlit Secrets 或環境變數)
歌曲：人间共鸣,李健,OvkRPDUVuSk,未知,未找到 Gemini API Key (請檢查 Streamlit Secrets 或環境變數)
一个人想着一个人,姚晓棠/王栎鑫,7OSCbE5cs3M,未知,未找到 Gemini API Key (請檢查 Streamlit Secrets 或環境變數)
亲爱的你，好久不见,黄子弘凡/黄霄雲/孙楠/谭松韵/王铮亮/杨丞琳/姚晓棠/曾舜晞,Z6SeWv1-etI,未知,未找到 Gemini API Key (請檢查 Streamlit Secrets 或環境變數)
傻子,张远,y-Rru2nOe-M,未知,未找到 Gemini API Key (請檢查 Streamlit Secrets 或環境變數)
想你和我们的以后,杨丞琳/周笔畅,AVj8pjxbCxg,未知,未找到 Gemini API Key (請檢查 Streamlit Secrets 或環境變數)
Forever (永不凋零),弹壳/BrAnTB白景屹,a0DZn9ST0JY,未知,未找到 Gemini API Key (請檢查 Streamlit Secrets 或環境變數)
UNETHICAL,Faouzia,I1zqCX3Dvxo,未知,未找到 Gemini API Key (請檢查 Streamlit Secrets 或環境變數)
Trouble Maker (麻烦你了),那奇沃夫/Yamy郭颖,BcR8bAFlFb4,未知,未找到 Gemini API Key (請檢查 Streamlit Secrets 或環境變數)
第一次爱的人,姚晓棠/袁一琦,EQBkiZKP-DA,未知,未找到 Gemini API Key (請檢查 Streamlit Secrets 或環境變數)
沉默是金 + 海海人生,齐豫,Fkr7wrSwLgE,未知,未找到 Gemini API Key (請檢查 Streamlit Secrets 或環境變數)
歌曲：梦底,海来阿木/刘浩存,vL0kVZoQpEQ,未知,未找到 Gemini API Key (請檢查 Streamlit Secrets 或環境變數)
手掌,盛宇D-SHINE/加木,4W3xtg7jLVo,未知,未找到 Gemini API Key (請檢查 Streamlit Secrets 或環境變數)
一个傻子,欢子/李佳薇,P4kj0GSC600,未知,未找到 Gemini API Key (請檢查 Streamlit Secrets 或環境變數)
我要找到你,刘惜君,DtXgoZG_Q8E,未知,未找到 Gemini API Key (請檢查 Streamlit Secrets 或環境變數)
蓝旗袍,容祖儿,Wp3CpQUpXRw,未知,未找到 Gemini API Key (請檢查 Streamlit Secrets 或環境變數)
尕连手,赵骏,BgY8FqEM5mQ,未知,未找到 Gemini API Key (請檢查 Streamlit Secrets 或環境變數)
歌曲：别来无恙,任素汐/毛不易,mrBFVtVS69k,未知,未找到 Gemini API Key (請檢查 Streamlit Secrets 或環境變數)
看我72变,万妮达Vinida Weng,zJaf0Nw-0AU,未知,未找到 Gemini API Key (請檢查 Streamlit Secrets 或環境變數)
我好想你•一 一,王菀之,ctWxU3u2JD8,未知,未找到 Gemini API Key (請檢查 Streamlit Secrets 或環境變數)
colt.45 (烈驹45号),弹壳,2MFEhEgTmn0,未知,未找到 Gemini API Key (請檢查 Streamlit Secrets 或環境變數)
让你妈妈New一下,李宇春,9EMyQJ4GS_Q,未知,未找到 Gemini API Key (請檢查 Streamlit Secrets 或環境變數)
最好的伴,宝石Gem,zmJGRcO0wKw,未知,未找到 Gemini API Key (請檢查 Streamlit Secrets 或環境變數)
人生路漫漫,孙楠/白小白/加木,Juof_QKfgn8,未知,未找到 Gemini API Key (請檢查 Streamlit Secrets 或環境變數)
是非题,王赫野,sc9LdPzku6Y,未知,未找到 Gemini API Key (請檢查 Streamlit Secrets 或環境變數)
梦底,张碧晨/海来阿木,vL0kVZoQpEQ,未知,未找到 Gemini API Key (請檢查 Streamlit Secrets 或環境變數)
有我呢,陈楚生/姚晓棠,nSz9i_Xq26Y,未知,未找到 Gemini API Key (請檢查 Streamlit Secrets 或環境變數)
我爱的是爱我的你,杨宗纬/高睿,KPnvtYmFe9c,未知,未找到 Gemini API Key (請檢查 Streamlit Secrets 或環境變數)
喜欢,杨丞琳/周笔畅,TjRROzDZesk,未知,未找到 Gemini API Key (請檢查 Streamlit Secrets 或環境變數)
PeterPen (彼得潘),Rapeter/功夫胖KUNGFU-PEN,pEUK51Fomt0,未知,未找到 Gemini API Key (請檢查 Streamlit Secrets 或環境變數)
是你没选我啊,张新成/吉娜·爱丽丝,Fv8K_Opd-_o,未知,未找到 Gemini API Key (請檢查 Streamlit Secrets 或環境變數)
忐白门,莫文蔚,6vKU1g2Fgm0,未知,未找到 Gemini API Key (請檢查 Streamlit Secrets 或環境變數)
11,Eric周兴哲,D_srQ-ihig8,未知,未找到 Gemini API Key (請檢查 Streamlit Secrets 或環境變數)
第三个吻痕,黄子弘凡/姚晓棠,3iWQyS4vSFs,未知,未找到 Gemini API Key (請檢查 Streamlit Secrets 或環境變數)
心碎双面胶,黄旭,JJWjST_D4fc,未知,未找到 Gemini API Key (請檢查 Streamlit Secrets 或環境變數)
寂寞寂寞不好,Ghost (王琳凯)/张新成,2N5Toskbpvo,未知,未找到 Gemini API Key (請檢查 Streamlit Secrets 或環境變數)
匿名的好友,杨丞琳/黄子弘凡,s9hGDIpwfXw,未知,未找到 Gemini API Key (請檢查 Streamlit Secrets 或環境變數)
半句再见,张碧晨/余佳运,IAWnsA-Dp_k,未知,未找到 Gemini API Key (請檢查 Streamlit Secrets 或環境變數)
爱我还是他,周笔畅/王铮亮,kHjRp4-_gL8,未知,未找到 Gemini API Key (請檢查 Streamlit Secrets 或環境變數)
胆小鬼,宋亚轩,uS96KF4V_VA,未知,未找到 Gemini API Key (請檢查 Streamlit Secrets 或環境變數)
桃花诺,罗云熙/黄霄雲,t2hGAOnVOeY,未知,未找到 Gemini API Key (請檢查 Streamlit Secrets 或環境變數)
迟迟,薛之谦,v41tTfBMxvw,未知,未找到 Gemini API Key (請檢查 Streamlit Secrets 或環境變數)
一样的月光,曾沛慈,J28oOfvNVD8,未知,未找到 Gemini API Key (請檢查 Streamlit Secrets 或環境變數)
你看你看月亮的脸,张磊,xgZRTzxcJHU,未知,未找到 Gemini API Key (請檢查 Streamlit Secrets 或環境變數)
间距,于冬然/en (王翊恩),_CO3onnZOB0,未知,未找到 Gemini API Key (請檢查 Streamlit Secrets 或環境變數)
将军令,周柏豪,AQZw3kbFLpg,未知,未找到 Gemini API Key (請檢查 Streamlit Secrets 或環境變數)
第三个吻痕,周震南/陈卓璇,nYTV3j56SAE,未知,未找到 Gemini API Key (請檢查 Streamlit Secrets 或環境變數)
想见你想见你想见你,郁可唯/TF_ING穆祉丞,7Sux0jSdSfs,未知,未找到 Gemini API Key (請檢查 Streamlit Secrets 或環境變數)
真实,汪苏泷/Eric周兴哲,vFLfS8MNvBk,未知,未找到 Gemini API Key (請檢查 Streamlit Secrets 或環境變數)
孤单北半球,王赫野/张星特,ZkZGMN623zQ,未知,未找到 Gemini API Key (請檢查 Streamlit Secrets 或環境變數)
想想忘忘,莫文蔚/Karen Mok & The Masters,5aUtC0bRogU,未知,未找到 Gemini API Key (請檢查 Streamlit Secrets 或環境變數)
阴天,周笔畅/杨宗纬,88Kv8KyXH_Y,未知,未找到 Gemini API Key (請檢查 Streamlit Secrets 或環境變數)
爱河,杨丞琳/王铮亮,CldOls9yrcg,未知,未找到 Gemini API Key (請檢查 Streamlit Secrets 或環境變數)
好想谈恋爱,单依纯,z_rQIAicJj4,未知,未找到 Gemini API Key (請檢查 Streamlit Secrets 或環境變數)
爱情转移,欢子/周柏豪,sRKFWX1CAwE,未知,未找到 Gemini API Key (請檢查 Streamlit Secrets 或環境變數)
笼,张杰,A2iZgwp1Llo,未知,未找到 Gemini API Key (請檢查 Streamlit Secrets 或環境變數)
做人低调 做事高调,翁杰_Winjay,Hflbp4WzR3Y,未知,未找到 Gemini API Key (請檢查 Streamlit Secrets 或環境變數)
Don't Break My Heart,窦靖童,klCd4FKdTWc,未知,未找到 Gemini API Key (請檢查 Streamlit Secrets 或環境變數)
到时说爱我,王铮亮/高睿,rr-fgEWozJQ,未知,未找到 Gemini API Key (請檢查 Streamlit Secrets 或環境變數)
心之火,张鑫,_SDj6gcGE5g,未知,未找到 Gemini API Key (請檢查 Streamlit Secrets 或環境變數)
晴天,周杰伦,DYptgVvkVLQ,未知,未找到 Gemini API Key (請檢查 Streamlit Secrets 或環境變數)
恋人,李荣浩,5RlEWndW0bE,未知,未找到 Gemini API Key (請檢查 Streamlit Secrets 或環境變數)
总有一天你会出现在我身边,棱镜乐队,vaC8STyhPc4,未知,未找到 Gemini API Key (請檢查 Streamlit Secrets 或環境變數)
ANGEL,尹美莱/Tiger JK/Bizzy,sXP4uMm0teA,未知,未找到 Gemini API Key (請檢查 Streamlit Secrets 或環境變數)
Always Online,林俊杰,-gqfAzw6FQo,未知,未找到 Gemini API Key (請檢查 Streamlit Secrets 或環境變數)
红尘客栈,周杰伦,L6joGUdc6y4,未知,未找到 Gemini API Key (請檢查 Streamlit Secrets 或環境變數)
阴天,莫文蔚,tYWufUugeUc,未知,未找到 Gemini API Key (請檢查 Streamlit Secrets 或環境變數)
春娇与志明,街道办GDC/欧阳耀莹,TvSLCxXyrBA,未知,未找到 Gemini API Key (請檢查 Streamlit Secrets 或環境變數)
我怀念的,孙燕姿,G7uSHzyVAwg,未知,未找到 Gemini API Key (請檢查 Streamlit Secrets 或環境變數)
无人之岛,任然,0RsL8Ga73QQ,未知,未找到 Gemini API Key (請檢查 Streamlit Secrets 或環境變數)
盛夏的果实,莫文蔚,N2d9vPacdmw,未知,未找到 Gemini API Key (請檢查 Streamlit Secrets 或環境變數)
唯一,G.E.M. 邓紫棋,xXr4Z7HAZCE,未知,未找到 Gemini API Key (請檢查 Streamlit Secrets 或環境變數)
雨爱,杨丞琳,oec9R5ypf-o,未知,未找到 Gemini API Key (請檢查 Streamlit Secrets 或環境變數)
搁浅,周杰伦,YJfHuATJYsQ,未知,未找到 Gemini API Key (請檢查 Streamlit Secrets 或環境變數)
夜曲,周杰伦,6Q0Pd53mojY,未知,未找到 Gemini API Key (請檢查 Streamlit Secrets 或環境變數)
演员,薛之谦,jQu4cJ00UEo,未知,未找到 Gemini API Key (請檢查 Streamlit Secrets 或環境變數)
偏爱,张芸京,QDwLjCGdmYM,未知,未找到 Gemini API Key (請檢查 Streamlit Secrets 或環境變數)
红色高跟鞋,蔡健雅,ATblV50Odx8,未知,未找到 Gemini API Key (請檢查 Streamlit Secrets 或環境變數)
小半,陈粒,Xw8zuUKauxs,未知,未找到 Gemini API Key (請檢查 Streamlit Secrets 或環境變數)
发如雪,周杰伦,gnz7It0-F4g,未知,未找到 Gemini API Key (請檢查 Streamlit Secrets 或環境變數)
多远都要在一起,G.E.M. 邓紫棋,D9ksLn6hZ7Q,未知,未找到 Gemini API Key (請檢查 Streamlit Secrets 或環境變數)
情歌,梁静茹,itjyryJ-8IU,未知,未找到 Gemini API Key (請檢查 Streamlit Secrets 或環境變數)
富士山下,陈奕迅,JDpRnPef5qQ,未知,未找到 Gemini API Key (請檢查 Streamlit Secrets 或環境變數)
开始懂了,孙燕姿,h5eRbbOnPRc,未知,未找到 Gemini API Key (請檢查 Streamlit Secrets 或環境變數)
空心,光泽,PXnhdl_URro,未知,未找到 Gemini API Key (請檢查 Streamlit Secrets 或環境變數)
思念是一种病,张震岳/蔡健雅,9ei1PUmDz98,未知,未找到 Gemini API Key (請檢查 Streamlit Secrets 或環境變數)
刻在我心底的名字,卢广仲,m78lJuzftcc,未知,未找到 Gemini API Key (請檢查 Streamlit Secrets 或環境變數)
素颜,许嵩/何曼婷,SwBEmdhqb6M,未知,未找到 Gemini API Key (請檢查 Streamlit Secrets 或環境變數)
最佳损友,陈奕迅,0fcKEN4_QoM,未知,未找到 Gemini API Key (請檢查 Streamlit Secrets 或環境變數)
童话,光良,IBTmypxD2mU,未知,未找到 Gemini API Key (請檢查 Streamlit Secrets 或環境變數)
特别的人,方大同,IscPlLsh6iU,未知,未找到 Gemini API Key (請檢查 Streamlit Secrets 或環境變數)
江南,林俊杰,G97_rOdHcnY,未知,未找到 Gemini API Key (請檢查 Streamlit Secrets 或環境變數)
Beauty And A Beat,Justin Bieber/Nicki Minaj,Ys7-6_t7OEQ,未知,未找到 Gemini API Key (請檢查 Streamlit Secrets 或環境變數)
出现又离开,梁博,n0Y7J-TzgZE,未知,未找到 Gemini API Key (請檢查 Streamlit Secrets 或環境變數)
我们俩,郭顶,2kc1FDmzLkI,未知,未找到 Gemini API Key (請檢查 Streamlit Secrets 或環境變數)
后会无期,徐良/汪苏泷,iKrMvFYaFzg,未知,未找到 Gemini API Key (請檢查 Streamlit Secrets 或環境變數)
你要的全拿走,胡彦斌,9HDHnU-Vl0g,未知,未找到 Gemini API Key (請檢查 Streamlit Secrets 或環境變數)
慢冷,李荣浩,m9o7Vt2e3Ps,未知,未找到 Gemini API Key (請檢查 Streamlit Secrets 或環境變數)
其实,薛之谦,YT3HI5hyMi4,未知,未找到 Gemini API Key (請檢查 Streamlit Secrets 或環境變數)
Baby,Justin Bieber/Ludacris,kffacxfA7G4,未知,未找到 Gemini API Key (請檢查 Streamlit Secrets 或環境變數)
坏女孩,徐良/小凌,xKfBknbOsz0,未知,未找到 Gemini API Key (請檢查 Streamlit Secrets 或環境變數)
下完这场雨,后弦,lttm50z2-2s,未知,未找到 Gemini API Key (請檢查 Streamlit Secrets 或環境變數)
离开我的依赖,王艳薇,RFNRzN3jDmk,未知,未找到 Gemini API Key (請檢查 Streamlit Secrets 或環境變數)
遇见,孙燕姿,zgmnU8BxE2c,未知,未找到 Gemini API Key (請檢查 Streamlit Secrets 或環境變數)
泡泡,牛佳钰,mmyZsv_vRJw,未知,未找到 Gemini API Key (請檢查 Streamlit Secrets 或環境變數)
心墙,郭静,VhCRokYVF1I,未知,未找到 Gemini API Key (請檢查 Streamlit Secrets 或環境變數)
不分手的恋爱,汪苏泷,oTG_6WKh_4c,未知,未找到 Gemini API Key (請檢查 Streamlit Secrets 或環境變數)
关键词,林俊杰,YFr6p7vB9hc,未知,未找到 Gemini API Key (請檢查 Streamlit Secrets 或環境變數)
恶作剧,王蓝茵,VaSjWclJKGE,未知,未找到 Gemini API Key (請檢查 Streamlit Secrets 或環境變數)
那时雨,徐良,7BJ_onc5itA,未知,未找到 Gemini API Key (請檢查 Streamlit Secrets 或環境變數)
如愿,王菲,6fV2dRqJHvw,未知,未找到 Gemini API Key (請檢查 Streamlit Secrets 或環境變數)
瞬,郑润泽,yJq54boC5RA,未知,未找到 Gemini API Key (請檢查 Streamlit Secrets 或環境變數)
此生不换,青鸟飞鱼,yz80TCsFDaA,未知,未找到 Gemini API Key (請檢查 Streamlit Secrets 或環境變數)
黄昏,周传雄,6ca_YHZvzls,未知,未找到 Gemini API Key (請檢查 Streamlit Secrets 或環境變數)
十年,陈奕迅,tjr3SrCg3pc,未知,未找到 Gemini API Key (請檢查 Streamlit Secrets 或環境變數)
可不可以,张紫豪,hgIDXTmmgDg,未知,未找到 Gemini API Key (請檢查 Streamlit Secrets 或環境變數)
海阔天空,BEYOND,qu_FSptjRic,未知,未找到 Gemini API Key (請檢查 Streamlit Secrets 或環境變數)
奢香夫人,凤凰传奇,i6W3qRIH1kc,未知,未找到 Gemini API Key (請檢查 Streamlit Secrets 或環境變數)
我们的歌,王力宏,FpPDwP0NWnw,未知,未找到 Gemini API Key (請檢查 Streamlit Secrets 或環境變數)
夏夜最后的烟火,颜人中,SVdZy0uZBUg,未知,未找到 Gemini API Key (請檢查 Streamlit Secrets 或環境變數)
如果爱忘了,汪苏泷/单依纯,40iCGaUhTbE,未知,未找到 Gemini API Key (請檢查 Streamlit Secrets 或環境變數)
背对背拥抱,林俊杰,7xgucJEqNDo,未知,未找到 Gemini API Key (請檢查 Streamlit Secrets 或環境變數)
泡沫,G.E.M. 邓紫棋,mGeiABBB5f8,未知,未找到 Gemini API Key (請檢查 Streamlit Secrets 或環境變數)
樱花草,Sweety,vYcl7cw8gWo,未知,未找到 Gemini API Key (請檢查 Streamlit Secrets 或環境變數)
有何不可,许嵩,_2f-7oQIS8M,未知,未找到 Gemini API Key (請檢查 Streamlit Secrets 或環境變數)
倒数,G.E.M. 邓紫棋,ma7r2HGqwXs,未知,未找到 Gemini API Key (請檢查 Streamlit Secrets 或環境變數)
妥协,蔡依林,M00rcJ9gMEc,未知,未找到 Gemini API Key (請檢查 Streamlit Secrets 或環境變數)
天外来物,薛之谦,fvkKk5ozyeI,未知,未找到 Gemini API Key (請檢查 Streamlit Secrets 或環境變數)
Letting Go,蔡健雅,SMXWjumui5s,未知,未找到 Gemini API Key (請檢查 Streamlit Secrets 或環境變數)
不将就,李荣浩,a9ot-Fa9KHk,未知,未找到 Gemini API Key (請檢查 Streamlit Secrets 或環境變數)
美人鱼,林俊杰,3Nu7C4zU0Vs,未知,未找到 Gemini API Key (請檢查 Streamlit Secrets 或環境變數)
第57次取消发送,菲菲公主（陆绮菲）,gHk8MIx6nfY,未知,未找到 Gemini API Key (請檢查 Streamlit Secrets 或環境變數)
我记得,赵雷,VBUmDbpY7zM,未知,未找到 Gemini API Key (請檢查 Streamlit Secrets 或環境變數)
一样的月光,徐佳莹,J28oOfvNVD8,未知,未找到 Gemini API Key (請檢查 Streamlit Secrets 或環境變數)
半壶纱,刘珂矣,krB_XMDeBJo,未知,未找到 Gemini API Key (請檢查 Streamlit Secrets 或環境變數)
幻听,许嵩,IdI4JOqlvVU,未知,未找到 Gemini API Key (請檢查 Streamlit Secrets 或環境變數)
会呼吸的痛,梁静茹,TY3nj5ANRrk,未知,未找到 Gemini API Key (請檢查 Streamlit Secrets 或環境變數)
不遗憾,李荣浩,u5ZsoP8FZUQ,未知,未找到 Gemini API Key (請檢查 Streamlit Secrets 或環境變數)
认真的雪,薛之谦,Un8kwjcpKZA,未知,未找到 Gemini API Key (請檢查 Streamlit Secrets 或環境變數)
牵丝戏,银临/Aki阿杰,C6YobfNjeqc,未知,未找到 Gemini API Key (請檢查 Streamlit Secrets 或環境變數)
IF YOU,BIGBANG,h9hdorPqukU,未知,未找到 Gemini API Key (請檢查 Streamlit Secrets 或環境變數)
夏天的风,温岚,Uh3cbLgVXP0,未知,未找到 Gemini API Key (請檢查 Streamlit Secrets 或環境變數)
句号,G.E.M. 邓紫棋,7XlqcS6B7WA,未知,未找到 Gemini API Key (請檢查 Streamlit Secrets 或環境變數)
模特,李荣浩,dLG4as6BNYo,未知,未找到 Gemini API Key (請檢查 Streamlit Secrets 或環境變數)
来不及爱你,h3R3刘清云,CtppsmagVVs,未知,未找到 Gemini API Key (請檢查 Streamlit Secrets 或環境變數)
鲜花,回春丹乐队,p8jMPe_9Qek,未知,未找到 Gemini API Key (請檢查 Streamlit Secrets 或環境變數)
忘情牛肉面,马健涛,H2Taq2lxGg8,未知,未找到 Gemini API Key (請檢查 Streamlit Secrets 或環境變數)
虚拟,陈粒,qxjYJVz64LQ,未知,未找到 Gemini API Key (請檢查 Streamlit Secrets 或環境變數)
爱情讯息,郭静,t7Q-MkGfdHg,未知,未找到 Gemini API Key (請檢查 Streamlit Secrets 或環境變數)
勇气,梁静茹,0IJGFoG3fII,未知,未找到 Gemini API Key (請檢查 Streamlit Secrets 或環境變數)
我知道,BY2,C4gB9kDBCt8,未知,未找到 Gemini API Key (請檢查 Streamlit Secrets 或環境變數)
如果可以,韦礼安,8MG--WuNW1Y,未知,未找到 Gemini API Key (請檢查 Streamlit Secrets 或環境變數)
他不懂,张杰,Sou615G6s7g,未知,未找到 Gemini API Key (請檢查 Streamlit Secrets 或環境變數)
最后一页,江语晨,UDyhT-6Idek,未知,未找到 Gemini API Key (請檢查 Streamlit Secrets 或環境變數)
我是真的爱上你,王杰,sKqx1twDbfA,未知,未找到 Gemini API Key (請檢查 Streamlit Secrets 或環境變數)
青花,周传雄,WfYO_Q2n-Vk,未知,未找到 Gemini API Key (請檢查 Streamlit Secrets 或環境變數)
至少还有你,林忆莲,pQlAWZLOpgo,未知,未找到 Gemini API Key (請檢查 Streamlit Secrets 或環境變數)
平凡之路,朴树,6q5Syk54i9U,未知,未找到 Gemini API Key (請檢查 Streamlit Secrets 或環境變數)
后来,刘若英,t0igPuDjYUE,未知,未找到 Gemini API Key (請檢查 Streamlit Secrets 或環境變數)
甲乙丙丁 (你我怎么两清),李佳薇,YhiQDARUJ7Y,未知,未找到 Gemini API Key (請檢查 Streamlit Secrets 或環境變數)
留白,吴炳文,AP4yGB6UF9g,未知,未找到 Gemini API Key (請檢查 Streamlit Secrets 或環境變數)
一直下,陈宇祥,LW5ROCc5SEw,未知,未找到 Gemini API Key (請檢查 Streamlit Secrets 或環境變數)
我会好好的,黑豆ado,tR_LP6zEB9M,未知,未找到 Gemini API Key (請檢查 Streamlit Secrets 或環境變數)
你的眼神(像一阵细雨洒落我心底),晚月moon/Big Cole,v6DGQ3blR5c,未知,未找到 Gemini API Key (請檢查 Streamlit Secrets 或環境變數)
岁月如笔写春秋EDM,花姐,k_E6fF7zmU0,未知,未找到 Gemini API Key (請檢查 Streamlit Secrets 或環境變數)
我不愿看到你流泪的眼睛,404Hz/DJariium/YYYu,-,未知,未找到 Gemini API Key (請檢查 Streamlit Secrets 或環境變數)
落笔匆匆,余佳运/井迪,XTksZlXSA98,未知,未找到 Gemini API Key (請檢查 Streamlit Secrets 或環境變數)
英雄出处,高冷,9MYWGLsQMuo,未知,未找到 Gemini API Key (請檢查 Streamlit Secrets 或環境變數)
可惜我是水瓶座,励志豪,-,未知,未找到 Gemini API Key (請檢查 Streamlit Secrets 或環境變數)
你的眼神,周深深,UBsqcePKPPc,未知,未找到 Gemini API Key (請檢查 Streamlit Secrets 或環境變數)
走错太多路,戎大姨,-eva3qky6ME,未知,未找到 Gemini API Key (請檢查 Streamlit Secrets 或環境變數)
big feelings,Ariana Grande,FXultmvqvyA,未知,未找到 Gemini API Key (請檢查 Streamlit Secrets 或環境變數)
freak,Ariana Grande,-,未知,未找到 Gemini API Key (請檢查 Streamlit Secrets 或環境變數)
见山,水木年华,J5ozd4WVNpM,未知,未找到 Gemini API Key (請檢查 Streamlit Secrets 或環境變數)
疑疑疑,王俊凯,NWCgUyd5IxY,未知,未找到 Gemini API Key (請檢查 Streamlit Secrets 或環境變數)
爱上你我很快乐,洋澜一,KZ45Bojl1vw,未知,未找到 Gemini API Key (請檢查 Streamlit Secrets 或環境變數)
never get over me,Ariana Grande,BeoL2D-37I4,未知,未找到 Gemini API Key (請檢查 Streamlit Secrets 或環境變數)
看山,方大树/灯叔,f9askLeyptc,未知,未找到 Gemini API Key (請檢查 Streamlit Secrets 或環境變數)
这个年纪,白允y,-,未知,未找到 Gemini API Key (請檢查 Streamlit Secrets 或環境變數)
第57次取消发送,1个球,-,未知,未找到 Gemini API Key (請檢查 Streamlit Secrets 或環境變數)
You Are,李昊,-,未知,未找到 Gemini API Key (請檢查 Streamlit Secrets 或環境變數)
like i do,Ariana Grande,-,未知,未找到 Gemini API Key (請檢查 Streamlit Secrets 或環境變數)
bad thing (bunny hop),Ariana Grande,WZNr8nPFJVw,未知,未找到 Gemini API Key (請檢查 Streamlit Secrets 或環境變數)
Round We Go (慢慢向前),七元,YsEZkM7PrYM,未知,未找到 Gemini API Key (請檢查 Streamlit Secrets 或環境變數)
十万片,郭郡BiSang_NX,nu315A25yTA,未知,未找到 Gemini API Key (請檢查 Streamlit Secrets 或環境變數)
休止符,张艺兴,yTPIpBl9c3w,未知,未找到 Gemini API Key (請檢查 Streamlit Secrets 或環境變數)
姑娘在远方,就是南方凯,tp4sHDEDqeg,未知,未找到 Gemini API Key (請檢查 Streamlit Secrets 或環境變數)
记得,羊羊,6kIK31bCeWQ,未知,未找到 Gemini API Key (請檢查 Streamlit Secrets 或環境變數)
LEGEND,沈小婷 (XIAOTING),61mQuZDp450,未知,未找到 Gemini API Key (請檢查 Streamlit Secrets 或環境變數)
也许在下雨天（眼泪才不被看见）,向思思,l6sBlk9pjTs,未知,未找到 Gemini API Key (請檢查 Streamlit Secrets 或環境變數)
JUST FOR THE NIGHT,HENRY刘宪华,y-YIWIuY5KY,未知,未找到 Gemini API Key (請檢查 Streamlit Secrets 或環境變數)
哎呦喂,项睿娴,4uuWIH6yTe8,未知,未找到 Gemini API Key (請檢查 Streamlit Secrets 或環境變數)
Orchestra,Red Velvet,9tpWTRCQ6Hg,未知,未找到 Gemini API Key (請檢查 Streamlit Secrets 或環境變數)
Cold Blooded,严浩翔,QY63IZwEEKY,未知,未找到 Gemini API Key (請檢查 Streamlit Secrets 或環境變數)
Nice to Meet Ya,TOMORROW X TOGETHER,CHnG06jNbf4,未知,未找到 Gemini API Key (請檢查 Streamlit Secrets 或環境變數)
Hula Hoop,Red Velvet,eyVNYAf6vsw,未知,未找到 Gemini API Key (請檢查 Streamlit Secrets 或環境變數)
壳,Eric周兴哲,Sv2hV3j2WWg,未知,未找到 Gemini API Key (請檢查 Streamlit Secrets 或環境變數)
Lucky Light（幸运之光）,赵希予,-,未知,未找到 Gemini API Key (請檢查 Streamlit Secrets 或環境變數)
Hot Girls Cold Vibe,Red Velvet,6_Nx1szSyeY,未知,未找到 Gemini API Key (請檢查 Streamlit Secrets 或環境變數)
替我决定,半吨兄弟,FCzU9X-UdBc,未知,未找到 Gemini API Key (請檢查 Streamlit Secrets 或環境變數)
窒息 (那天我哭到窒息),何洁,6c3IkKBudYY,未知,未找到 Gemini API Key (請檢查 Streamlit Secrets 或環境變數)
月满西楼约,巴扎黑,AzzuyTGhj8s,未知,未找到 Gemini API Key (請檢查 Streamlit Secrets 或環境變數)
烟火,半吨兄弟,clQczhdZE_A,未知,未找到 Gemini API Key (請檢查 Streamlit Secrets 或環境變數)
你有没有爱过我,烟嗓船长,-,未知,未找到 Gemini API Key (請檢查 Streamlit Secrets 或環境變數)
执念,周宣绮/Kissper,uckoPTpsxuw,未知,未找到 Gemini API Key (請檢查 Streamlit Secrets 或環境變數)
知道你不能,菜小欧,-,未知,未找到 Gemini API Key (請檢查 Streamlit Secrets 或環境變數)
Energy low,VodKe/HSHK,12546cZrVXo,未知,未找到 Gemini API Key (請檢查 Streamlit Secrets 或環境變數)
心会跟爱一起走,周深深,-,未知,未找到 Gemini API Key (請檢查 Streamlit Secrets 或環境變數)
But You Don't Know Me,张艺兴,gHqR_d5m7Bk,未知,未找到 Gemini API Key (請檢查 Streamlit Secrets 或環境變數)
生日不快乐,张艺兴,dtYOZ1wAx7I,未知,未找到 Gemini API Key (請檢查 Streamlit Secrets 或環境變數)
Stutter Love,张艺兴,4MqTbihf564,未知,未找到 Gemini API Key (請檢查 Streamlit Secrets 或環境變數)
见山河,刘宇宁,BtlKy3TgNCM,未知,未找到 Gemini API Key (請檢查 Streamlit Secrets 或環境變數)
Two to Tango 交缠舞步,三Z-STUDIO/HOYO-MiX,-,未知,未找到 Gemini API Key (請檢查 Streamlit Secrets 或環境變數)
讨厌,七元,8C-5DYkWXkA,未知,未找到 Gemini API Key (請檢查 Streamlit Secrets 或環境變數)
纸短情长,橘子妹,-,未知,未找到 Gemini API Key (請檢查 Streamlit Secrets 或環境變數)
回头太难,半根萝卜,VV4yacVxHRA,未知,未找到 Gemini API Key (請檢查 Streamlit Secrets 或環境變數)
一见如故,许嵩,g44GG7hoMJc,未知,未找到 Gemini API Key (請檢查 Streamlit Secrets 或環境變數)
不是我不小心,周深深,KYytKqBUkQo,未知,未找到 Gemini API Key (請檢查 Streamlit Secrets 或環境變數)
Copines（贝林厄姆进行曲）,Grimmmz/Rush Surge,-,未知,未找到 Gemini API Key (請檢查 Streamlit Secrets 或環境變數)
如期,王俊凯,kT2kAQTbR-E,未知,未找到 Gemini API Key (請檢查 Streamlit Secrets 或環境變數)
夏天的味道,陆虎,qUjOd6nEvms,未知,未找到 Gemini API Key (請檢查 Streamlit Secrets 或環境變數)
Sei tu (是你),Camellia/Ellis Vibe,-,未知,未找到 Gemini API Key (請檢查 Streamlit Secrets 或環境變數)
DADADA×担担担,王心凌,ynaQiCeZJOU,未知,未找到 Gemini API Key (請檢查 Streamlit Secrets 或環境變數)
无声潮汐,王俊凯,UjllBHTdtuk,未知,未找到 Gemini API Key (請檢查 Streamlit Secrets 或環境變數)
Stay,王俊凯,4ARN2y5bQs8,未知,未找到 Gemini API Key (請檢查 Streamlit Secrets 或環境變數)
我怀念的,云汐,-,未知,未找到 Gemini API Key (請檢查 Streamlit Secrets 或環境變數)
Take my heart,卢润泽,AoJOVhp5BVo,未知,未找到 Gemini API Key (請檢查 Streamlit Secrets 或環境變數)
我不该动情,任夏,WExjsi0B2xs,未知,未找到 Gemini API Key (請檢查 Streamlit Secrets 或環境變數)
游向陆地的鱼,梓渝,R-FdIwzlC_s,未知,未找到 Gemini API Key (請檢查 Streamlit Secrets 或環境變數)
STRANGE,刘雨昕,J88kOcG7hmc,未知,未找到 Gemini API Key (請檢查 Streamlit Secrets 或環境變數)
金乌 Golden Bird,刘宇/Alan Walker/孙名川Chuanzi Suona,pjw0EksP5oc,未知,未找到 Gemini API Key (請檢查 Streamlit Secrets 或環境變數)
每个人,周深,hMRKkipmWT0,未知,未找到 Gemini API Key (請檢查 Streamlit Secrets 或環境變數)
DON'T STOP,刘耀文,BVRouFkXMY4,未知,未找到 Gemini API Key (請檢查 Streamlit Secrets 或環境變數)
Think About It,D.N.A/张艺兴/颜人中/GALI/TEN/李治廷,p-LnAnYPo4I,未知,未找到 Gemini API Key (請檢查 Streamlit Secrets 或環境變數)
野草（致老狗）,曾舜晞,Zc8PeZe5Ecc,未知,未找到 Gemini API Key (請檢查 Streamlit Secrets 或環境變數)
忘了吗忘了吧,张颜齐/姚晓棠,4JpZKgXr2lI,未知,未找到 Gemini API Key (請檢查 Streamlit Secrets 或環境變數)
FLIRTY,다영 (DAYOUNG)/朴宰范,M0v-AeoIsTU,未知,未找到 Gemini API Key (請檢查 Streamlit Secrets 或環境變數)
无归,李佳薇,CgJx9C-9xGs,未知,未找到 Gemini API Key (請檢查 Streamlit Secrets 或環境變數)
相见恨晚,橘子妹,-,未知,未找到 Gemini API Key (請檢查 Streamlit Secrets 或環境變數)
爱你太多,刘一手,3XnCatRiT4o,未知,未找到 Gemini API Key (請檢查 Streamlit Secrets 或環境變數)
我扭转了命运-戏腔版,李无名,-,未知,未找到 Gemini API Key (請檢查 Streamlit Secrets 或環境變數)
崖,王允宸,-,未知,未找到 Gemini API Key (請檢查 Streamlit Secrets 或環境變數)
镜中人:Mirror to me,Capper/周震南,8wNJQxVjFEI,未知,未找到 Gemini API Key (請檢查 Streamlit Secrets 或環境變數)
Full Signal满格信号,万妮达Vinida Weng,-,未知,未找到 Gemini API Key (請檢查 Streamlit Secrets 或環境變數)
水为媒,礼越,6fiETnMALLk,未知,未找到 Gemini API Key (請檢查 Streamlit Secrets 或環境變數)
清风微微,曾舜晞,HCv4EH5plpA,未知,未找到 Gemini API Key (請檢查 Streamlit Secrets 或環境變數)
后来没有后来 (有些人爱或不爱都会分开),郑鱼/顾叮当,-,未知,未找到 Gemini API Key (請檢查 Streamlit Secrets 或環境變數)
一直下雨的星期天,很美味,j6uyEn8OgME,未知,未找到 Gemini API Key (請檢查 Streamlit Secrets 或環境變數)
偿还,阿梨粤,tY23bR81IuY,未知,未找到 Gemini API Key (請檢查 Streamlit Secrets 或環境變數)
After the Fever,Richz,4RqKoPRlCpk,未知,未找到 Gemini API Key (請檢查 Streamlit Secrets 或環境變數)
但愿被一人坚定不移,еяхат музыка/LongTran Final/蓝冰的蓝,-,未知,未找到 Gemini API Key (請檢查 Streamlit Secrets 或環境變數)
点歌的人2026,海来阿木,-,未知,未找到 Gemini API Key (請檢查 Streamlit Secrets 或環境變數)
无名之辈,陈雪燃,esYjbyBm8zw,未知,未找到 Gemini API Key (請檢查 Streamlit Secrets 或環境變數)
明天过后,张杰,ZA0uGRffojo,未知,未找到 Gemini API Key (請檢查 Streamlit Secrets 或環境變數)
老街,李荣浩,XadF4AbmHeA,未知,未找到 Gemini API Key (請檢查 Streamlit Secrets 或環境變數)
后来的我们,五月天,pd3eV-SG23E,未知,未找到 Gemini API Key (請檢查 Streamlit Secrets 或環境變數)
感谢你曾来过,Ayo97/周思涵,hVlmlDwhpWY,未知,未找到 Gemini API Key (請檢查 Streamlit Secrets 或環境變數)
失控,井迪,0swKZBxTNEQ,未知,未找到 Gemini API Key (請檢查 Streamlit Secrets 或環境變數)
哪里都是你,队长,R46qc7jopF4,未知,未找到 Gemini API Key (請檢查 Streamlit Secrets 或環境變數)
到时说爱我,茜拉 (Shila Amzah),4C8E7KA7kxE,未知,未找到 Gemini API Key (請檢查 Streamlit Secrets 或環境變數)
遗失的心跳,萧亚轩,NZxc2mUOOqE,未知,未找到 Gemini API Key (請檢查 Streamlit Secrets 或環境變數)
你不知道的事,王力宏,zvUsOXNPVxo,未知,未找到 Gemini API Key (請檢查 Streamlit Secrets 或環境變數)
锈,黄霄雲/TF_ING张子墨,PCbm4Vt6Dh4,未知,未找到 Gemini API Key (請檢查 Streamlit Secrets 或環境變數)
The Gentlemen (绅士们),弹壳/Vinz-T,fUxHPVv5dmw,未知,未找到 Gemini API Key (請檢查 Streamlit Secrets 或環境變數)
一点一滴,张信哲/黄子弘凡,4DGi4BD5ccc,未知,未找到 Gemini API Key (請檢查 Streamlit Secrets 或環境變數)
别怕我伤心,张远,CenC5jcnvjs,未知,未找到 Gemini API Key (請檢查 Streamlit Secrets 或環境變數)
誓言,窦靖童,f1g4SEI6akc,未知,未找到 Gemini API Key (請檢查 Streamlit Secrets 或環境變數)
二十二,宋亚轩,ZTR3tg6GirY,未知,未找到 Gemini API Key (請檢查 Streamlit Secrets 或環境變數)
第三人称,杨丞琳/王栎鑫,RJaoLKOzn0o,未知,未找到 Gemini API Key (請檢查 Streamlit Secrets 或環境變數)
trust me,姚晓棠/Top Barry,aE9h04yMqBw,未知,未找到 Gemini API Key (請檢查 Streamlit Secrets 或環境變數)
开始懂了,陈小春,p20EtodL7Ug,未知,未找到 Gemini API Key (請檢查 Streamlit Secrets 或環境變數)
如果你也这样过,尤长靖,EEQR8pYtUkQ,未知,未找到 Gemini API Key (請檢查 Streamlit Secrets 或環境變數)
野草,金志文,Fa2ZJ7u4Zrk,未知,未找到 Gemini API Key (請檢查 Streamlit Secrets 或環境變數)
苹果香,乌兰图雅/白小白,RlLsRgd9Hu8,未知,未找到 Gemini API Key (請檢查 Streamlit Secrets 或環境變數)
了了,翁杰_Winjay/加木,vxqsvgq2ySQ,未知,未找到 Gemini API Key (請檢查 Streamlit Secrets 或環境變數)
酒鬼的歌,李宇春,wwdm5AHp0Nw,未知,未找到 Gemini API Key (請檢查 Streamlit Secrets 或環境變數)
唤醒我,万妮达Vinida Weng,N_AgrXXy244,未知,未找到 Gemini API Key (請檢查 Streamlit Secrets 或環境變數)
言不由衷,容祖儿,yWTHUB49X1A,未知,未找到 Gemini API Key (請檢查 Streamlit Secrets 或環境變數)
哪凉快哪去,刘凤瑶/张玮/曾一鸣/李琦/派克特/蒋一帆,324tP6l2r4U,未知,未找到 Gemini API Key (請檢查 Streamlit Secrets 或環境變數)
敬昨天敬今天敬明天,李大奔BENZO/SHarK,_ivYo5vxOAQ,未知,未找到 Gemini API Key (請檢查 Streamlit Secrets 或環境變數)
电子布洛芬,AThree/那奇沃夫,6C1hjh8zXTk,未知,未找到 Gemini API Key (請檢查 Streamlit Secrets 或環境變數)
白自在,胡彦斌,WKw9rbKMjCc,未知,未找到 Gemini API Key (請檢查 Streamlit Secrets 或環境變數)
半点心,王铮亮/灼海豚乐队,UAqa0DG7csU,未知,未找到 Gemini API Key (請檢查 Streamlit Secrets 或環境變數)
暗涌,萨顶顶,CA10OyyU2nA,未知,未找到 Gemini API Key (請檢查 Streamlit Secrets 或環境變數)
马桑树下,RANZER叶润泽/早安,1p4ZGPzpbPI,未知,未找到 Gemini API Key (請檢查 Streamlit Secrets 或環境變數)
签名笔,Rapeter,uZZojQhMapw,未知,未找到 Gemini API Key (請檢查 Streamlit Secrets 或環境變數)
Surprise (惊喜),早安,U3i8jJNLuT0,未知,未找到 Gemini API Key (請檢查 Streamlit Secrets 或環境變數)
奢求,淑元/奥利,tMk9RRRbKP4,未知,未找到 Gemini API Key (請檢查 Streamlit Secrets 或環境變數)
游游,房东的猫,viama9Sdh78,未知,未找到 Gemini API Key (請檢查 Streamlit Secrets 或環境變數)
一诺,刘宇宁,JGGL56GMMsM,未知,未找到 Gemini API Key (請檢查 Streamlit Secrets 或環境變數)
同归,曾舜晞,aQeZ2kpI7J8,未知,未找到 Gemini API Key (請檢查 Streamlit Secrets 或環境變數)
落下的光,袁娅维TIA RAY,tqgSk5PMXwA,未知,未找到 Gemini API Key (請檢查 Streamlit Secrets 或環境變數)
Be My Light,段奥娟,Et-oDExde-E,未知,未找到 Gemini API Key (請檢查 Streamlit Secrets 或環境變數)
黑童话,黄龄,a24jmkT9vnE,未知,未找到 Gemini API Key (請檢查 Streamlit Secrets 或環境變數)
放晴,胡夏,810vYNE8okU,未知,未找到 Gemini API Key (請檢查 Streamlit Secrets 或環境變數)
奉陪,陈伟霆,ljJt5MUWYyo,未知,未找到 Gemini API Key (請檢查 Streamlit Secrets 或環境變數)
繁花流年,希林娜依高,BLW69Na62E0,未知,未找到 Gemini API Key (請檢查 Streamlit Secrets 或環境變數)
Paper Flower,李遐怡,tGyEwvglfxk,未知,未找到 Gemini API Key (請檢查 Streamlit Secrets 或環境變數)
Work,Ava Max/PAW Patrol,cJRw7rYOOzA,未知,未找到 Gemini API Key (請檢查 Streamlit Secrets 或環境變數)
破阵子,李常超（Lao乾妈）,iJBIcUo22q4,未知,未找到 Gemini API Key (請檢查 Streamlit Secrets 或環境變數)
好き,星野源,nRGMA6n17p0,未知,未找到 Gemini API Key (請檢查 Streamlit Secrets 或環境變數)
Kiss of the Spider-Man,Michael Giacchino,o1nnLS_L88I,未知,未找到 Gemini API Key (請檢查 Streamlit Secrets 或環境變數)
I Miss You Every Brand New Day,For Revenge,8_y6w1V9PXs,未知,未找到 Gemini API Key (請檢查 Streamlit Secrets 或環境變數)
偷黄昏的人,莫非定律乐团,ORY0PmRHxD4,未知,未找到 Gemini API Key (請檢查 Streamlit Secrets 或環境變數)
不负,迟木,1c5Vjseuhm0,未知,未找到 Gemini API Key (請檢查 Streamlit Secrets 或環境變數)
好想好想,代旭/井胧,Nd3MdEgENt4,未知,未找到 Gemini API Key (請檢查 Streamlit Secrets 或環境變數)
痕迹,何浩楠,bTn_p14as-U,未知,未找到 Gemini API Key (請檢查 Streamlit Secrets 或環境變數)
最完美的存在,刘芯妤Roselyn,-4a45QUT-J0,未知,未找到 Gemini API Key (請檢查 Streamlit Secrets 或環境變數)
你爱我像谁,橘子妹,-,未知,未找到 Gemini API Key (請檢查 Streamlit Secrets 或環境變數)
其实雨也没多大,弹棉花的小花,-,未知,未找到 Gemini API Key (請檢查 Streamlit Secrets 或環境變數)
街道（天黑不睡觉 天亮还在熬）,Ravixen,-,未知,未找到 Gemini API Key (請檢查 Streamlit Secrets 或環境變數)
爱久见人心,赵乃吉,1TJ4DXlfcTc,未知,未找到 Gemini API Key (請檢查 Streamlit Secrets 或環境變數)
云中鸟,小阿七,xBOmrRTzi9M,未知,未找到 Gemini API Key (請檢查 Streamlit Secrets 或環境變數)
Nada Sempero,Tamboss,-,未知,未找到 Gemini API Key (請檢查 Streamlit Secrets 或環境變數)
愿我,加木措,fS16k7Av_Xg,未知,未找到 Gemini API Key (請檢查 Streamlit Secrets 或環境變數)
后来遇见他·2026,七元,QK6qHEKiE_0,未知,未找到 Gemini API Key (請檢查 Streamlit Secrets 或環境變數)
叹流年忆往昔,QAQA,-,未知,未找到 Gemini API Key (請檢查 Streamlit Secrets 或環境變數)
西厢寻他,刘宇,bEYpckbqqhs,未知,未找到 Gemini API Key (請檢查 Streamlit Secrets 或環境變數)
在深秋,白允y,-,未知,未找到 Gemini API Key (請檢查 Streamlit Secrets 或環境變數)
倘若你爱一人,王唯旖,lwnHvx5HsYo,未知,未找到 Gemini API Key (請檢查 Streamlit Secrets 或環境變數)
这世界很美的吧·2026,Zyboy忠宇/余火火,-,未知,未找到 Gemini API Key (請檢查 Streamlit Secrets 或環境變數)
Te Olvido (La La),benny blanco/Selena Gomez/Becky G,XGKJxb2b3ZI,未知,未找到 Gemini API Key (請檢查 Streamlit Secrets 或環境變數)
失落天涯,洛先生,oKKSUhW0weM,未知,未找到 Gemini API Key (請檢查 Streamlit Secrets 或環境變數)
荒海,毒药/丁宇祥,-,未知,未找到 Gemini API Key (請檢查 Streamlit Secrets 或環境變數)
爱情两个字,正在进行石女士,B3Gdbmysg54,未知,未找到 Gemini API Key (請檢查 Streamlit Secrets 或環境變數)
UP IT,刘耀文,CJBs2T4YbKk,未知,未找到 Gemini API Key (請檢查 Streamlit Secrets 或環境變數)
Serenade (KARINA & WINTER),aespa,hGqYdubpcCM,未知,未找到 Gemini API Key (請檢查 Streamlit Secrets 或環境變數)
月像,刘宇,U3vtRkUX6OY,未知,未找到 Gemini API Key (請檢查 Streamlit Secrets 或環境變數)
Lollipop (GISELLE & NINGNING),aespa,isqsKaUoMFA,未知,未找到 Gemini API Key (請檢查 Streamlit Secrets 或環境變數)
中国人会飞,Chalky Wong/揽佬SKAI ISYOURGOD,wlF0Rhj5ntY,未知,未找到 Gemini API Key (請檢查 Streamlit Secrets 或環境變數)
我和你的影子拥抱,徐靖雯,-,未知,未找到 Gemini API Key (請檢查 Streamlit Secrets 或環境變數)
消失的恋人,江堇,B8KCH3i43LE,未知,未找到 Gemini API Key (請檢查 Streamlit Secrets 或環境變數)
第57次取消发送,羊羊,yyMuPEZ0-eQ,未知,未找到 Gemini API Key (請檢查 Streamlit Secrets 或環境變數)
桥边姑娘,轻烟大叔,-,未知,未找到 Gemini API Key (請檢查 Streamlit Secrets 或環境變數)
ICONIC HEART,Hearts2Hearts,chl0R8C4NJ8,未知,未找到 Gemini API Key (請檢查 Streamlit Secrets 或環境變數)
尚能独舞,侧田,owhc05vrXeU,未知,未找到 Gemini API Key (請檢查 Streamlit Secrets 或環境變數)
我不该动情,万能和弦,WExjsi0B2xs,未知,未找到 Gemini API Key (請檢查 Streamlit Secrets 或環境變數)
只是太爱你,正在进行石女士,-,未知,未找到 Gemini API Key (請檢查 Streamlit Secrets 或環境變數)
爱旧爱（怪我曾爱你爱的太深）,恩几,r01wQDvnNng,未知,未找到 Gemini API Key (請檢查 Streamlit Secrets 或環境變數)
爱你到100岁,逵逵爱唱歌（KuiKui）,aAPQVc81Ezg,未知,未找到 Gemini API Key (請檢查 Streamlit Secrets 或環境變數)
后来没有后来 (有些人爱或不爱都会分开),承桓/顾叮当,-,未知,未找到 Gemini API Key (請檢查 Streamlit Secrets 或環境變數)
吹吹山顶的风,杨小壮,relM8XBrdpM,未知,未找到 Gemini API Key (請檢查 Streamlit Secrets 或環境變數)
原谅,橘子妹,7zyDhQLypF0,未知,未找到 Gemini API Key (請檢查 Streamlit Secrets 或環境變數)
练习,打扰一下EXCUSE ME,7-gMQPuq690,未知,未找到 Gemini API Key (請檢查 Streamlit Secrets 或環境變數)
贰拾肆,梓渝,zeGLBhDbwt0,未知,未找到 Gemini API Key (請檢查 Streamlit Secrets 或環境變數)
我们总是喜欢在夏天讨论永远,时代少年团,AH2ibOsKgzs,未知,未找到 Gemini API Key (請檢查 Streamlit Secrets 或環境變數)
Pop Off Pop Off,KiiiKiii,UsbRoaH6y-Q,未知,未找到 Gemini API Key (請檢查 Streamlit Secrets 或環境變數)
远距离,梁咏琪,jMEbbGsPkIo,未知,未找到 Gemini API Key (請檢查 Streamlit Secrets 或環境變數)
Ever2Late!,KiiiKiii,vP6NceIuVkM,未知,未找到 Gemini API Key (請檢查 Streamlit Secrets 或環境變數)
SWEET SOUR,KiiiKiii,NBIu5QpD3X8,未知,未找到 Gemini API Key (請檢查 Streamlit Secrets 或環境變數)
攀峰,崔十八/麦麦/贰万ovo/木木墩/鲸/听潮阁,1Ey7tTXfyn4,未知,未找到 Gemini API Key (請檢查 Streamlit Secrets 或環境變數)
Hey Hi,KiiiKiii,TUU00zw6cgM,未知,未找到 Gemini API Key (請檢查 Streamlit Secrets 或環境變數)
Candy Pink Magic Hole Flip Phone (나 어떡해),KiiiKiii,R9miRFaYbWo,未知,未找到 Gemini API Key (請檢查 Streamlit Secrets 或環境變數)
夏天如约而来 (Summer Sparkle),银河快递 (Galaxy Express),G0fkTpaWv28,未知,未找到 Gemini API Key (請檢查 Streamlit Secrets 或環境變數)
Blue Hour,KiiiKiii,t5EsOq3E6bI,未知,未找到 Gemini API Key (請檢查 Streamlit Secrets 或環境變數)
海海海,白允y,-61JbF4FJgM,未知,未找到 Gemini API Key (請檢查 Streamlit Secrets 或環境變數)
执迷不悟,Joysaaaa,c6t69I6_Z7Y,未知,未找到 Gemini API Key (請檢查 Streamlit Secrets 或環境變數)
oh yeah?,Steve Lacy,2zPGWGqdfJ8,未知,未找到 Gemini API Key (請檢查 Streamlit Secrets 或環境變數)
Head In You,La Mer/DJariium,-,未知,未找到 Gemini API Key (請檢查 Streamlit Secrets 或環境變數)
我不该动情,洋澜一,dHH5jAkuNug,未知,未找到 Gemini API Key (請檢查 Streamlit Secrets 或環境變數)
Little Songs(无人知晓的小歌),七元,-,未知,未找到 Gemini API Key (請檢查 Streamlit Secrets 或環境變數)
下一天,王俊凯,dFoYvWoVtOQ,未知,未找到 Gemini API Key (請檢查 Streamlit Secrets 或環境變數)
傻鱼,王栎鑫,H2KEtWOqVJA,未知,未找到 Gemini API Key (請檢查 Streamlit Secrets 或環境變數)
山风替我去自由（我也想潇洒活一回）,王一佳,GQW9Vyr74rU,未知,未找到 Gemini API Key (請檢查 Streamlit Secrets 或環境變數)
候补,马师傅,fuAdFT28560,未知,未找到 Gemini API Key (請檢查 Streamlit Secrets 或環境變數)
山风山风等等我,鱼精,_03_7Vi9xOQ,未知,未找到 Gemini API Key (請檢查 Streamlit Secrets 或環境變數)
Broken Trust,卓沅,XdpswnFz0l8,未知,未找到 Gemini API Key (請檢查 Streamlit Secrets 或環境變數)
自由的夜,薛凯琪,fcFc2yjBAVw,未知,未找到 Gemini API Key (請檢查 Streamlit Secrets 或環境變數)
不想失去你,毛不易,hgY4ftt3gvk,未知,未找到 Gemini API Key (請檢查 Streamlit Secrets 或環境變數)
第57次取消发送,晚月moon,-,未知,未找到 Gemini API Key (請檢查 Streamlit Secrets 或環境變數)
淡出,袁一琦,tslXxmOL4mE,未知,未找到 Gemini API Key (請檢查 Streamlit Secrets 或環境變數)
夜喵子,Sus.,Kjf8CkCgVAI,未知,未找到 Gemini API Key (請檢查 Streamlit Secrets 或環境變數)
独库公路G217,生命树下,BxNFCMMAHnY,未知,未找到 Gemini API Key (請檢查 Streamlit Secrets 或環境變數)
漫山雪（你看呐山外又飘来满山雪）,小阿枫,ekbvEKjaO1c,未知,未找到 Gemini API Key (請檢查 Streamlit Secrets 或環境變數)
爸爸妈妈,乡野低频,J59-924vcoU,未知,未找到 Gemini API Key (請檢查 Streamlit Secrets 或環境變數)
其实我介意,励志豪/神勇尼尼,-,未知,未找到 Gemini API Key (請檢查 Streamlit Secrets 或環境變數)
慢慢发光(Just Glow),七元,ic2l3BeXwEc,未知,未找到 Gemini API Key (請檢查 Streamlit Secrets 或環境變數)
END+ing,MINNIE,Z411zFDb2Dk,未知,未找到 Gemini API Key (請檢查 Streamlit Secrets 或環境變數)
去你的岛,金玟岐,6xgkCXq7os8,未知,未找到 Gemini API Key (請檢查 Streamlit Secrets 或環境變數)
モンストロ,Ado,4IKHox-DKrM,未知,未找到 Gemini API Key (請檢查 Streamlit Secrets 或環境變數)
All I Can Say Is,LOUIS of LNGSHOT,FgUtOcBJoVI,未知,未找到 Gemini API Key (請檢查 Streamlit Secrets 或環境變數)
黄沙骨,费宇涛,u8iPXKbwOsc,未知,未找到 Gemini API Key (請檢查 Streamlit Secrets 或環境變數)
仙古星河,泠河,tCDDeS4Oamw,未知,未找到 Gemini API Key (請檢查 Streamlit Secrets 或環境變數)
山河荒,阿云嘎,QR3gtJhpgp0,未知,未找到 Gemini API Key (請檢查 Streamlit Secrets 或環境變數)
틀린그림찾기,Wonstein,8i4-lw32qcw,未知,未找到 Gemini API Key (請檢查 Streamlit Secrets 或環境變數)
再珍重,黄景瑜,JKMwGrEBxjo,未知,未找到 Gemini API Key (請檢查 Streamlit Secrets 或環境變數)
弥散,逢安,xdsIqAitsUM,未知,未找到 Gemini API Key (請檢查 Streamlit Secrets 或環境變數)
正义的容颜,宗俊涛,7ZhzdmUb3PQ,未知,未找到 Gemini API Key (請檢查 Streamlit Secrets 或環境變數)
When I’m Home,James Blake/Travis Scott/Ludwig Göransson,zTdDQ7v_Lb8,未知,未找到 Gemini API Key (請檢查 Streamlit Secrets 或環境變數)
粲然与你,张景昀/赵奂然,eekYm7kNm0w,未知,未找到 Gemini API Key (請檢查 Streamlit Secrets 或環境變數)
Happy Rain,10CM,Bri-jlRm2uo,未知,未找到 Gemini API Key (請檢查 Streamlit Secrets 或環境變數)
No Mercy,DPR IAN,6kVMjQSnIzs,未知,未找到 Gemini API Key (請檢查 Streamlit Secrets 或環境變數)
枫,周杰伦,qzwsQTY-99o,未知,未找到 Gemini API Key (請檢查 Streamlit Secrets 或環境變數)
爱出发,TFBOYS,K6M364hyES8,未知,未找到 Gemini API Key (請檢查 Streamlit Secrets 或環境變數)
差一步,大壮,lA7-x-TlGjM,未知,未找到 Gemini API Key (請檢查 Streamlit Secrets 或環境變數)
我好想你,苏打绿,P_pyfLArjQg,未知,未找到 Gemini API Key (請檢查 Streamlit Secrets 或環境變數)
空城,杨坤,mgmJ_0_DL38,未知,未找到 Gemini API Key (請檢查 Streamlit Secrets 或環境變數)
我好像在哪见过你,薛之谦,4krYbNuNdPo,未知,未找到 Gemini API Key (請檢查 Streamlit Secrets 或環境變數)
亲爱的你啊,任素汐,VnQWBaJJcq0,未知,未找到 Gemini API Key (請檢查 Streamlit Secrets 或環境變數)
花田错,王力宏,UvXQn9oIRAM,未知,未找到 Gemini API Key (請檢查 Streamlit Secrets 或環境變數)
西楼儿女,海来阿木,0KFihfYWAMQ,未知,未找到 Gemini API Key (請檢查 Streamlit Secrets 或環境變數)
十面埋伏,陈奕迅,7t2wtSSIF1I,未知,未找到 Gemini API Key (請檢查 Streamlit Secrets 或環境變數)
半点心,草蜢,F3oRObMMNx8,未知,未找到 Gemini API Key (請檢查 Streamlit Secrets 或環境變數)
一程山路,毛不易,0RzlgXAsJgs,未知,未找到 Gemini API Key (請檢查 Streamlit Secrets 或環境變數)
无名的人,毛不易,LgNT-a_ekC8,未知,未找到 Gemini API Key (請檢查 Streamlit Secrets 或環境變數)
一直很安静,阿桑,XQgXzPFZbzA,未知,未找到 Gemini API Key (請檢查 Streamlit Secrets 或環境變數)
等下完这场雨,杨友友/田园,-,未知,未找到 Gemini API Key (請檢查 Streamlit Secrets 或環境變數)
慢慢,白允y,V8BAeRPfHGQ,未知,未找到 Gemini API Key (請檢查 Streamlit Secrets 或環境變數)
放手的人注定遗憾,赵乃吉,kR2zLsuLjcs,未知,未找到 Gemini API Key (請檢查 Streamlit Secrets 或環境變數)
见怪不怪,金志文,6KiKPq4xX4o,未知,未找到 Gemini API Key (請檢查 Streamlit Secrets 或環境變數)
神山GUOFENG,FOX胡天渝,tzU-MvVXpoA,未知,未找到 Gemini API Key (請檢查 Streamlit Secrets 或環境變數)
失忆,正在进行石女士,yJyDLVR2XrE,未知,未找到 Gemini API Key (請檢查 Streamlit Secrets 或環境變數)
座位,陆杰awr,ZsgKZbDCxZY,未知,未找到 Gemini API Key (請檢查 Streamlit Secrets 或環境變數)
为你我受冷风吹,羊羊,-,未知,未找到 Gemini API Key (請檢查 Streamlit Secrets 或環境變數)
一生能有多少个秋天,一叶儿知秋,7nb13wYSo0w,未知,未找到 Gemini API Key (請檢查 Streamlit Secrets 或環境變數)
Off-Ways,MIKS,-,未知,未找到 Gemini API Key (請檢查 Streamlit Secrets 或環境變數)
检查手机,怪兽/善宇,T3eSueZcwN4,未知,未找到 Gemini API Key (請檢查 Streamlit Secrets 或環境變數)
擦干眼泪爱你,杨友友/烟嗓船长,NiOVOr1m46Q,未知,未找到 Gemini API Key (請檢查 Streamlit Secrets 或環境變數)
山风山风等等我,七喜,xPaUYFhp_3w,未知,未找到 Gemini API Key (請檢查 Streamlit Secrets 或環境變數)
从门缝遥看礼堂的新人,404Hz,-,未知,未找到 Gemini API Key (請檢查 Streamlit Secrets 或環境變數)
花田错,万妮达Vinida Weng/吴碧霞,Hnij47XWTeo,未知,未找到 Gemini API Key (請檢查 Streamlit Secrets 或環境變數)
我们的纪念,杨丞琳/侯明昊,qkKFbP0ZMLU,未知,未找到 Gemini API Key (請檢查 Streamlit Secrets 或環境變數)
答案,王铮亮/黄霄雲,htjPa9QhaY8,未知,未找到 Gemini API Key (請檢查 Streamlit Secrets 或環境變數)
交个朋友,弹壳,KdiYwBvQVnY,未知,未找到 Gemini API Key (請檢查 Streamlit Secrets 或環境變數)
再见,万妮达Vinida Weng,q-IowIzrMLY,未知,未找到 Gemini API Key (請檢查 Streamlit Secrets 或環境變數)
相思,齐豫/毛阿敏,ERUH2ClGmpg,未知,未找到 Gemini API Key (請檢查 Streamlit Secrets 或環境變數)
被驯服的象,窦靖童/欧阳娜娜,m1DRtCeQHAc,未知,未找到 Gemini API Key (請檢查 Streamlit Secrets 或環境變數)
无所求必满载而归,张远,ucurpb94Xc8,未知,未找到 Gemini API Key (請檢查 Streamlit Secrets 或環境變數)
娱乐天空,宋亚轩,vFvH7kQiFyA,未知,未找到 Gemini API Key (請檢查 Streamlit Secrets 或環境變數)
笼,吉克隽逸/黄子弘凡,aVpfFCgKdNw,未知,未找到 Gemini API Key (請檢查 Streamlit Secrets 或環境變數)
遗失的心跳,周笔畅/喻言,ZZudhk8lcC4,未知,未找到 Gemini API Key (請檢查 Streamlit Secrets 或環境變數)
欢喜就好,杨宗纬/岳云鹏,xFylv8r_KPI,未知,未找到 Gemini API Key (請檢查 Streamlit Secrets 或環境變數)
猜不透,赵磊/张予曦,xEJ9ZqMVUhg,未知,未找到 Gemini API Key (請檢查 Streamlit Secrets 或環境變數)
18,Top Barry,t-DKB6RF3A4,未知,未找到 Gemini API Key (請檢查 Streamlit Secrets 或環境變數)
走四方,胡彦斌/韩磊,-5eg6T-Fh04,未知,未找到 Gemini API Key (請檢查 Streamlit Secrets 或環境變數)
Somewhere Only We Know,Elliot James Reay/黄子弘凡,Dd6yqx23c5E,未知,未找到 Gemini API Key (請檢查 Streamlit Secrets 或環境變數)
幸福在歌唱,希林娜依高,bO5L6B7sUZk,未知,未找到 Gemini API Key (請檢查 Streamlit Secrets 或環境變數)
小rapper,Rapeter,i4zgNC3IqZU,未知,未找到 Gemini API Key (請檢查 Streamlit Secrets 或環境變數)
春泥,金志文,w1yfCaZzOCc,未知,未找到 Gemini API Key (請檢查 Streamlit Secrets 或環境變數)
空中飞人,窦靖童,SfwS7M3gWvo,未知,未找到 Gemini API Key (請檢查 Streamlit Secrets 或環境變數)
平日快乐 + Rasa Sayang,尤长靖/龚琳娜,E4C10xM-4N8,未知,未找到 Gemini API Key (請檢查 Streamlit Secrets 或環境變數)
综艺说唱歌手,布瑞吉Bridge,sixjwB8gi8I,未知,未找到 Gemini API Key (請檢查 Streamlit Secrets 或環境變數)
壁上观,张远,Yaux7Dr7Nk0,未知,未找到 Gemini API Key (請檢查 Streamlit Secrets 或環境變數)
爱，我不要丢下我,锤娜丽莎,sYS6Ceyb_z0,未知,未找到 Gemini API Key (請檢查 Streamlit Secrets 或環境變數)
外婆的澎湖湾 + 光阴的故事,齐豫,-d3cgGrL8O4,未知,未找到 Gemini API Key (請檢查 Streamlit Secrets 或環境變數)
忘了你 忘了我,周蕙,FwTNSbNkRLM,未知,未找到 Gemini API Key (請檢查 Streamlit Secrets 或環境變數)
闭嘴跳舞,尤长靖,xczI-mUuM90,未知,未找到 Gemini API Key (請檢查 Streamlit Secrets 或環境變數)
Crossfire,张艺兴,3ZbdF6mRmHY,未知,未找到 Gemini API Key (請檢查 Streamlit Secrets 或環境變數)
只要你在身边,沈梦瑶/喵战队,8BrDe0-FDVo,未知,未找到 Gemini API Key (請檢查 Streamlit Secrets 或環境變數)
Bleeding Love -氛围节奏,Grimmmz/Sixteen/DJYmix,-,未知,未找到 Gemini API Key (請檢查 Streamlit Secrets 或環境變數)
杀破狼,萧泽,Dgq9BadXDhw,未知,未找到 Gemini API Key (請檢查 Streamlit Secrets 或環境變數)
「最好的地方Ⅱ」演唱会主题曲,王力宏,jZPYBo2_pv8,未知,未找到 Gemini API Key (請檢查 Streamlit Secrets 或環境變數)
静音恋人 (两颗缠绕的心),邹沛沛,-Hl1gke4U48,未知,未找到 Gemini API Key (請檢查 Streamlit Secrets 或環境變數)
我好想你 • 一 一,王菀之,ctWxU3u2JD8,未知,未找到 Gemini API Key (請檢查 Streamlit Secrets 或環境變數)
长眠,Suki刘舒妤,zoubrGQtRb0,未知,未找到 Gemini API Key (請檢查 Streamlit Secrets 或環境變數)
GIve Up (戴上耳机 感觉至上),404Hz/夜音馆,-,未知,未找到 Gemini API Key (請檢查 Streamlit Secrets 或環境變數)
舍不得又没资格,任夏,H9RlE-mKeDc,未知,未找到 Gemini API Key (請檢查 Streamlit Secrets 或環境變數)
你曾经答应过我的,音乐科代表洪嘉源,-,未知,未找到 Gemini API Key (請檢查 Streamlit Secrets 或環境變數)
电台情歌,轻烟大叔,-,未知,未找到 Gemini API Key (請檢查 Streamlit Secrets 或環境變數)
Soul Snes Alone,Vnriet/DarK Haye,-,未知,未找到 Gemini API Key (請檢查 Streamlit Secrets 或環境變數)
这最后一次的分离（发了疯的想你）,橘子妹,-,未知,未找到 Gemini API Key (請檢查 Streamlit Secrets 或環境變數)
画心,周深深,-,未知,未找到 Gemini API Key (請檢查 Streamlit Secrets 或環境變數)
Always Been You,VZEUS,-,未知,未找到 Gemini API Key (請檢查 Streamlit Secrets 或環境變數)
黄昏,张妙格,H7_DwxQD_6Q,未知,未找到 Gemini API Key (請檢查 Streamlit Secrets 或環境變數)
绿皮火车,郑钧,6gJ9s1TswcY,未知,未找到 Gemini API Key (請檢查 Streamlit Secrets 或環境變數)
取愿,李星星,bLOYvcyVtyw,未知,未找到 Gemini API Key (請檢查 Streamlit Secrets 或環境變數)
摇曳！摇曳！,TF家族-张桂源/TF家族-张函瑞/TF家族-王橹杰/TF家族-左奇函/TF家族-陈奕恒/TF家族-杨博文/TF家族-陈思罕/TF家族-陈浚铭,-,未知,未找到 Gemini API Key (請檢查 Streamlit Secrets 或環境變數)
一直在身边,TF家族-张桂源/TF家族-张函瑞/TF家族-王橹杰/TF家族-左奇函/TF家族-陈奕恒/TF家族-杨博文/TF家族-陈思罕/TF家族-陈浚铭,-,未知,未找到 Gemini API Key (請檢查 Streamlit Secrets 或環境變數)
少年有种,TF家族-张桂源/TF家族-张函瑞/TF家族-王橹杰/TF家族-左奇函/TF家族-陈奕恒/TF家族-杨博文/TF家族-陈思罕/TF家族-陈浚铭,jWSWPa4G8ts,未知,未找到 Gemini API Key (請檢查 Streamlit Secrets 或環境變數)
这城市那么空这回忆那么凶,安北辰,-,未知,未找到 Gemini API Key (請檢查 Streamlit Secrets 或環境變數)
山风山风等等我,吕口口,NCKRAlzlH7M,未知,未找到 Gemini API Key (請檢查 Streamlit Secrets 或環境變數)
Setsuna Hanabi,TOMORROW X TOGETHER,Z5pGz8fkaDQ,未知,未找到 Gemini API Key (請檢查 Streamlit Secrets 或環境變數)
一吻 (Poison Kiss),曾舜晞,p-0J0-skPXI,未知,未找到 Gemini API Key (請檢查 Streamlit Secrets 或環境變數)
如果还会遇见,何遇Hayu/Crybird,-,未知,未找到 Gemini API Key (請檢查 Streamlit Secrets 或環境變數)
落选,戴羽彤,T79CK-TvnRk,未知,未找到 Gemini API Key (請檢查 Streamlit Secrets 或環境變數)
人一個,陈小春,uWFsAAVCnuA,未知,未找到 Gemini API Key (請檢查 Streamlit Secrets 或環境變數)
有缘无份,文夫,-,未知,未找到 Gemini API Key (請檢查 Streamlit Secrets 或環境變數)
She’s the Best,Troye Sivan,mFA1P8ZzoLw,未知,未找到 Gemini API Key (請檢查 Streamlit Secrets 或環境變數)
